loan_id,loan_date,account_date,loan_amount,loan_duration,account_age_at_loan_months,client_age_at_loan_years,card_type,has_card,district_name_region,district_inhabitants,district_urban_ratio,district_avg_salary,district_unemployment_rate,district_enterpreneurs_per_thousand_inhabitants,district_crimes_per_thousand_inhabitants,loan_salary_ratio,bad_payer
4959,1994-01-05,1993-02-26,80952,24,10,48,no card,0,Hl.m. Praha (Prague),1204953,100.0,12541,0.43,167,82.2497,0.26895782,0
4961,1996-04-29,1995-04-07,30276,12,12,57,no card,0,Tabor (south Bohemia),103347,67.0,9104,2.07,123,22.7776,0.27713093,1
4962,1997-12-08,1996-07-28,30276,12,16,35,no card,0,Frydek - Mistek (north Moravia),228848,57.2,9893,4.72,96,25.7245,0.25502881,0
4967,1998-10-14,1997-08-18,318480,60,13,46,no card,0,Strakonice (south Bohemia),70646,58.4,8547,3.64,120,21.8271,0.62103662,1
4968,1998-04-19,1997-08-08,110736,48,8,58,no card,0,Prachatice (south Bohemia),51428,52.7,8402,3.98,120,21.3697,0.27457748,0
4973,1996-05-02,1994-10-19,165960,24,18,51,no card,0,Jindrichuv Hradec (south Bohemia),93931,56.9,8427,1.54,107,20.366,0.82057672,0
4986,1997-08-10,1996-05-05,102876,12,15,55,no card,0,Ostrava - mesto (north Moravia),323870,100.0,10673,5.44,100,56.6493,0.80324183,0
4988,1997-12-06,1996-03-10,265320,36,20,30,no card,0,Chrudim (east Bohemia),105606,53.0,8254,3.76,97,22.0158,0.89290041,1
4989,1998-12-05,1997-07-10,352704,48,16,47,classic,1,Tabor (south Bohemia),103347,67.0,9104,2.07,123,22.7776,0.80711775,0
4990,1997-09-08,1996-07-17,162576,36,13,44,no card,0,Liberec (north Bohemia),159617,85.2,9198,4.28,131,38.417,0.4909763,0
4996,1996-11-06,1996-05-11,88440,12,5,51,no card,0,Teplice (north Bohemia),128118,85.3,9317,7.07,97,53.6381,0.79102715,0
5002,1994-05-31,1993-11-26,104808,12,6,54,no card,0,Zdar nad Sazavou (south Moravia),125832,48.3,8512,4.12,102,16.7128,1.02608083,0
5005,1997-04-10,1996-08-12,27456,12,7,29,no card,0,Novy Jicin (north Moravia),161227,69.7,8678,5.57,102,28.5002,0.26365522,0
5015,1998-07-12,1997-02-23,109344,12,16,53,classic,1,Karvina (north Moravia),285387,89.9,10177,7.75,81,35.4186,0.89535226,0
5027,1998-12-02,1997-12-08,160920,36,11,27,classic,1,Louny (north Bohemia),85852,59.8,8965,8.23,104,32.8705,0.49860569,0
5032,1994-11-03,1993-12-02,123696,48,11,54,no card,0,Breclav (south Moravia),124605,46.0,8772,4.98,126,25.3441,0.29377565,0
5034,1998-05-30,1996-07-25,112752,36,22,42,no card,0,Novy Jicin (north Moravia),161227,69.7,8678,5.57,102,28.5002,0.36091265,0
5036,1998-11-25,1997-04-25,91248,48,19,25,no card,0,Ceske Budejovice (south Bohemia),177686,74.8,10045,1.71,135,35.4277,0.18924838,0
5039,1997-05-03,1996-01-26,66840,24,15,57,no card,0,Cesky Krumlov (south Bohemia),58796,51.9,9045,3.6,124,31.958,0.30790492,0
5041,1997-07-11,1995-10-17,369000,60,20,23,no card,0,Pardubice (east Bohemia),162580,72.8,9538,1.81,111,33.2759,0.64478926,0
5042,1998-07-12,1996-11-24,331584,48,19,25,no card,0,Havlickuv Brod (east Bohemia),95907,59.1,8388,2.94,87,17.3918,0.82355746,0
5043,1997-12-25,1996-09-11,468060,60,15,50,no card,0,Nachod (east Bohemia),112709,73.5,8369,2.31,117,23.228,0.93213048,0
5044,1994-12-21,1993-12-01,100980,60,12,29,no card,0,Brno - mesto (south Moravia),387570,100.0,9897,1.96,140,48.239,0.17005153,0
5045,1995-05-01,1993-12-13,187224,24,16,47,no card,0,Znojmo (south Moravia),114200,43.7,8403,5.72,105,23.8004,0.92835892,1
5046,1998-09-09,1997-06-08,42816,12,15,61,no card,0,Olomouc (north Moravia),226122,62.6,8994,4.79,110,40.7214,0.39670892,0
5051,1997-10-11,1996-07-22,230400,60,14,36,no card,0,Frydek - Mistek (north Moravia),228848,57.2,9893,4.72,96,25.7245,0.38815324,0
5060,1994-07-19,1993-11-29,252060,60,7,28,no card,0,Hl.m. Praha (Prague),1204953,100.0,12541,0.43,167,82.2497,0.33498126,1
5061,1998-03-13,1996-12-22,84288,48,14,40,no card,0,Rokycany (west Bohemia),45714,55.6,8843,3.6,113,19.4251,0.19857514,0
5063,1997-07-10,1997-03-30,357840,48,3,56,no card,0,Brno - mesto (south Moravia),387570,100.0,9897,1.96,140,48.239,0.75325856,1
5072,1997-04-28,1996-10-11,196800,24,6,36,no card,0,Mlada Boleslav (central Bohemia),112065,69.4,11277,1.44,127,44.501,0.72714374,1
5082,1996-10-24,1995-10-21,262980,60,12,30,no card,0,Rakovnik (central Bohemia),53921,41.3,8598,3.26,123,34.7731,0.50976971,0
5086,1997-07-16,1996-03-20,210384,48,15,41,no card,0,Karvina (north Moravia),285387,89.9,10177,7.75,81,35.4186,0.43067702,0
5088,1996-08-22,1995-05-15,91152,24,15,53,classic,1,Ceska Lipa (north Bohemia),105058,81.0,9272,3.22,118,42.8811,0.40962036,0
5103,1997-11-28,1996-03-15,12540,12,20,57,classic,1,Plzen - jih (west Bohemia),67298,43.8,8561,1.29,110,16.7464,0.12206518,0
5110,1997-04-01,1995-08-03,102240,60,19,51,no card,0,Jihlava (south Moravia),109164,63.6,8757,3.95,96,22.6357,0.19458719,0
5117,1997-08-20,1996-03-03,76944,12,17,40,no card,0,Hl.m. Praha (Prague),1204953,100.0,12541,0.43,167,82.2497,0.51128299,0
5124,1998-02-12,1997-08-09,156096,36,6,45,no card,0,Tabor (south Bohemia),103347,67.0,9104,2.07,123,22.7776,0.47627417,0
5125,1995-11-23,1995-02-06,73056,48,9,24,no card,0,Most (north Bohemia),119895,89.9,10446,9.4,90,39.5596,0.1457017,0
5126,1994-07-24,1993-05-11,208128,48,14,42,no card,0,Brno - mesto (south Moravia),387570,100.0,9897,1.96,140,48.239,0.43811256,1
5128,1996-04-11,1995-06-13,215616,48,9,39,no card,0,Jesenik (north Moravia),42821,48.4,8173,7.01,124,31.7134,0.54961458,1
5130,1994-05-11,1993-02-10,24312,12,15,38,no card,0,Jindrichuv Hradec (south Bohemia),93931,56.9,8427,1.54,107,20.366,0.2404177,0
5131,1995-01-08,1993-08-05,48624,24,17,33,no card,0,Usti nad Orlici (east Bohemia),139012,61.9,8363,3.49,108,20.135,0.24225756,0
5132,1995-02-17,1994-03-18,538500,60,10,34,no card,0,Kolin (central Bohemia),95616,51.4,9307,4.43,118,31.7938,0.96432793,0
5134,1997-02-02,1996-03-06,53076,12,10,48,no card,0,Prachatice (south Bohemia),51428,52.7,8402,3.98,120,21.3697,0.52642228,0
5136,1996-07-28,1996-03-09,187104,24,4,19,no card,0,Olomouc (north Moravia),226122,62.6,8994,4.79,110,40.7214,0.86680009,0
5138,1995-05-30,1993-09-21,87216,48,20,41,no card,0,Uherske Hradiste (south Moravia),145688,40.7,8544,1.86,109,19.9467,0.21266386,0
5140,1998-02-24,1997-04-26,178500,60,9,26,no card,0,Opava (north Moravia),182027,56.4,8746,3.74,90,24.3535,0.3401555,0
5145,1995-09-16,1995-01-18,309552,48,7,60,no card,0,Olomouc (north Moravia),226122,62.6,8994,4.79,110,40.7214,0.71703358,0
5147,1998-05-21,1997-12-13,22260,60,5,57,no card,0,Karvina (north Moravia),285387,89.9,10177,7.75,81,35.4186,0.03645475,0
5148,1996-05-29,1994-11-15,284280,60,18,37,no card,0,Litomerice (north Bohemia),114006,62.3,9065,5.39,123,36.5419,0.52266961,0
5151,1995-05-24,1994-11-02,189060,60,6,36,no card,0,Kladno (central Bohemia),149893,67.4,9753,5.05,109,39.308,0.32308008,0
5154,1998-07-01,1996-11-14,108720,60,19,31,no card,0,Kutna Hora (central Bohemia),77963,51.5,8546,4.02,126,40.019,0.21202902,0
5158,1998-04-11,1996-07-02,188532,36,21,22,no card,0,Karvina (north Moravia),285387,89.9,10177,7.75,81,35.4186,0.51459173,0
5160,1995-12-18,1994-12-17,204000,60,12,51,no card,0,Jicin (east Bohemia),77917,53.5,8390,2.89,132,27.2341,0.40524434,0
5161,1994-10-28,1994-07-09,98184,24,3,49,no card,0,Znojmo (south Moravia),114200,43.7,8403,5.72,105,23.8004,0.48684993,0
5169,1998-09-24,1997-02-15,253200,60,19,61,no card,0,Usti nad Orlici (east Bohemia),139012,61.9,8363,3.49,108,20.135,0.50460361,0
5170,1994-01-20,1993-05-10,253200,60,8,43,no card,0,Frydek - Mistek (north Moravia),228848,57.2,9893,4.72,96,25.7245,0.42656424,0
5172,1998-04-16,1996-12-06,50976,36,16,18,no card,0,Jicin (east Bohemia),77917,53.5,8390,2.89,132,27.2341,0.16877235,0
5174,1997-06-13,1996-01-14,385104,48,16,40,no card,0,Brno - mesto (south Moravia),387570,100.0,9897,1.96,140,48.239,0.81064969,0
5176,1994-11-12,1993-08-29,192552,24,14,30,no card,0,Strakonice (south Bohemia),70646,58.4,8547,3.64,120,21.8271,0.93869194,1
5189,1994-02-07,1993-04-21,149040,48,9,25,no card,0,Praha - zapad (central Bohemia),75637,36.5,9622,0.59,154,46.6571,0.32269798,0
5206,1997-09-07,1996-11-24,128544,24,9,45,no card,0,Ostrava - mesto (north Moravia),323870,100.0,10673,5.44,100,56.6493,0.50182704,0
5207,1997-02-28,1996-05-08,35904,48,9,51,no card,0,Frydek - Mistek (north Moravia),228848,57.2,9893,4.72,96,25.7245,0.07560902,0
5208,1995-03-16,1993-06-08,99696,48,21,23,no card,0,Klatovy (west Bohemia),88757,61.7,8554,2.68,113,24.9896,0.24281038,1
5209,1996-11-25,1996-03-28,182640,48,7,54,no card,0,Uherske Hradiste (south Moravia),145688,40.7,8544,1.86,109,19.9467,0.44534176,0
5210,1997-04-01,1995-07-26,148140,36,20,35,no card,0,Rakovnik (central Bohemia),53921,41.3,8598,3.26,123,34.7731,0.47859967,0
5212,1995-05-29,1994-04-21,71064,36,13,48,no card,0,Louny (north Bohemia),85852,59.8,8965,8.23,104,32.8705,0.22018963,0
5214,1997-07-01,1996-06-07,74772,36,12,36,no card,0,Brno - venkov (south Moravia),157042,33.9,8743,2.43,111,24.7959,0.23756148,0
5221,1998-12-05,1997-07-02,52512,12,17,53,no card,0,Brno - venkov (south Moravia),157042,33.9,8743,2.43,111,24.7959,0.5005147,0
5226,1998-10-11,1997-12-22,185544,36,9,59,no card,0,Breclav (south Moravia),124605,46.0,8772,4.98,126,25.3441,0.5875513,0
5229,1997-09-06,1996-09-16,23520,12,11,55,no card,0,Blansko (south Moravia),107911,50.9,8240,3.56,99,17.6349,0.23786408,0
5236,1997-09-15,1996-09-26,389136,48,11,30,no card,0,Blansko (south Moravia),107911,50.9,8240,3.56,99,17.6349,0.98385922,0
5237,1995-08-29,1994-04-27,45336,24,16,38,no card,0,Prachatice (south Bohemia),51428,52.7,8402,3.98,120,21.3697,0.22482742,0
5241,1998-09-02,1997-08-05,125472,24,12,57,no card,0,Chomutov (north Bohemia),125236,87.7,9675,7.68,100,41.4418,0.54036176,0
5245,1998-01-17,1997-04-11,125472,24,9,51,no card,0,Prachatice (south Bohemia),51428,52.7,8402,3.98,120,21.3697,0.6222328,0
5253,1997-06-03,1997-02-20,100080,48,3,31,no card,0,Znojmo (south Moravia),114200,43.7,8403,5.72,105,23.8004,0.24812567,0
5260,1998-01-19,1996-07-03,123300,36,18,52,classic,1,Usti nad Labem (north Bohemia),118650,85.6,9832,4.48,114,46.1104,0.34835232,0
5265,1998-10-07,1997-02-07,165780,60,20,47,no card,0,Uherske Hradiste (south Moravia),145688,40.7,8544,1.86,109,19.9467,0.32338483,0
5269,1994-11-19,1993-11-17,164052,36,12,19,no card,0,Tachov (west Bohemia),51313,59.2,8930,4.2,108,28.2969,0.51030235,1
5270,1997-07-21,1996-06-08,191088,48,13,34,no card,0,Svitavy (east Bohemia),102609,52.0,8187,5.45,94,20.7974,0.4862587,0
5281,1997-11-27,1996-01-08,194256,24,22,29,no card,0,Jesenik (north Moravia),42821,48.4,8173,7.01,124,31.7134,0.99033403,0
5282,1996-08-24,1994-11-17,388512,48,21,27,no card,0,Jesenik (north Moravia),42821,48.4,8173,7.01,124,31.7134,0.99033403,1
5285,1994-02-06,1993-05-09,78936,12,8,37,no card,0,Hl.m. Praha (Prague),1204953,100.0,12541,0.43,167,82.2497,0.52451958,0
5287,1998-01-26,1996-11-12,64224,24,14,60,no card,0,Kutna Hora (central Bohemia),77963,51.5,8546,4.02,126,40.019,0.31312895,0
5293,1998-10-29,1997-02-01,189792,48,20,58,no card,0,Pardubice (east Bohemia),162580,72.8,9538,1.81,111,33.2759,0.41455232,0
5301,1996-07-06,1996-03-14,141948,36,3,45,no card,0,Frydek - Mistek (north Moravia),228848,57.2,9893,4.72,96,25.7245,0.39856464,0
5304,1998-08-20,1997-09-23,172272,24,10,55,no card,0,Novy Jicin (north Moravia),161227,69.7,8678,5.57,102,28.5002,0.82714911,0
5310,1995-04-28,1993-12-11,248148,36,16,54,no card,0,Plzen - sever (west Bohemia),72541,36.9,8594,2.01,112,21.0226,0.80207121,0
5311,1996-06-15,1994-09-03,30060,60,21,44,classic,1,Plzen - sever (west Bohemia),72541,36.9,8594,2.01,112,21.0226,0.05829649,0
5312,1996-03-13,1995-02-20,202788,36,12,42,no card,0,Tachov (west Bohemia),51313,59.2,8930,4.2,108,28.2969,0.63079507,0
5313,1998-05-27,1997-07-27,43200,24,10,49,no card,0,Liberec (north Bohemia),159617,85.2,9198,4.28,131,38.417,0.19569472,0
5314,1993-07-05,1993-03-22,96396,12,3,45,no card,0,Sokolov (west Bohemia),94812,81.8,9650,3.67,100,29.5743,0.83243523,1
5316,1993-07-11,1993-02-13,165960,36,4,24,no card,0,Nachod (east Bohemia),112709,73.5,8369,2.31,117,23.228,0.55084239,0
5318,1998-09-30,1997-05-16,385584,48,16,23,no card,0,Plzen - sever (west Bohemia),72541,36.9,8594,2.01,112,21.0226,0.9347219,0
5319,1994-06-23,1993-09-22,239460,60,9,51,no card,0,Teplice (north Bohemia),128118,85.3,9317,7.07,97,53.6381,0.42835677,0
5320,1998-01-11,1996-10-21,143676,36,14,45,no card,0,Brno - venkov (south Moravia),157042,33.9,8743,2.43,111,24.7959,0.45647947,0
5325,1993-08-03,1993-01-30,105804,36,6,53,no card,0,Pribram (central Bohemia),107870,58.0,8754,4.31,137,35.858,0.33573224,0
5329,1996-10-16,1995-04-15,396120,60,18,46,no card,0,Prachatice (south Bohemia),51428,52.7,8402,3.98,120,21.3697,0.78576529,0
5332,1998-01-29,1996-06-14,37944,36,19,31,classic,1,Hl.m. Praha (Prague),1204953,100.0,12541,0.43,167,82.2497,0.08404433,0
5334,1998-09-10,1997-09-20,209040,24,11,19,no card,0,Hl.m. Praha (Prague),1204953,100.0,12541,0.43,167,82.2497,0.69452197,0
5337,1996-07-31,1996-03-05,162468,36,4,38,no card,0,Ceska Lipa (north Bohemia),105058,81.0,9272,3.22,118,42.8811,0.48673425,0
5338,1997-08-30,1996-10-21,57360,12,10,39,no card,0,Kutna Hora (central Bohemia),77963,51.5,8546,4.02,126,40.019,0.559326,1
5343,1997-10-08,1996-08-01,44952,24,14,27,no card,0,Hl.m. Praha (Prague),1204953,100.0,12541,0.43,167,82.2497,0.14935013,0
5346,1998-12-06,1997-03-02,55632,24,21,49,no card,0,Karvina (north Moravia),285387,89.9,10177,7.75,81,35.4186,0.2277685,0
5350,1996-04-21,1995-02-13,249312,48,14,40,no card,0,Plzen - mesto (west Bohemia),170449,100.0,10787,3.09,131,36.7324,0.48150552,0
5351,1994-12-04,1993-06-11,205200,36,17,31,no card,0,Hodonin (south Moravia),161954,48.0,8720,4.5,116,22.5434,0.65366972,0
5352,1995-04-15,1994-10-30,68400,12,5,18,no card,0,Frydek - Mistek (north Moravia),228848,57.2,9893,4.72,96,25.7245,0.57616497,1
5354,1998-07-14,1997-08-06,290820,60,11,60,no card,0,Kolin (central Bohemia),95616,51.4,9307,4.43,118,31.7938,0.5207908,0
5358,1997-01-21,1995-06-04,38520,12,19,57,no card,0,Havlickuv Brod (east Bohemia),95907,59.1,8388,2.94,87,17.3918,0.38268956,0
5360,1998-01-25,1996-05-10,176328,36,20,54,no card,0,Blansko (south Moravia),107911,50.9,8240,3.56,99,17.6349,0.59441748,0
5363,1997-04-22,1995-11-08,293880,60,17,22,no card,0,Zlin (south Moravia),197099,74.7,9624,2.31,145,21.6389,0.50893599,1
5365,1998-07-19,1997-04-17,271260,60,15,27,no card,0,Litomerice (north Bohemia),114006,62.3,9065,5.39,123,36.5419,0.49873138,0
5366,1996-10-29,1996-03-06,86184,12,7,55,no card,0,Karvina (north Moravia),285387,89.9,10177,7.75,81,35.4186,0.70570895,0
5367,1997-08-26,1996-12-30,83628,36,7,19,no card,0,Brno - mesto (south Moravia),387570,100.0,9897,1.96,140,48.239,0.23471759,0
5368,1998-10-05,1997-08-14,44640,24,13,41,no card,0,Kromeriz (south Moravia),108871,62.1,8444,3.47,106,21.1718,0.22027475,0
5369,1997-09-12,1997-04-27,214596,36,4,60,no card,0,Ostrava - mesto (north Moravia),323870,100.0,10673,5.44,100,56.6493,0.55851213,0
5375,1996-10-03,1996-02-01,101520,12,8,19,no card,0,Hl.m. Praha (Prague),1204953,100.0,12541,0.43,167,82.2497,0.67458735,0
5377,1997-08-04,1996-05-02,92400,12,15,23,classic,1,Karvina (north Moravia),285387,89.9,10177,7.75,81,35.4186,0.75660804,0
5382,1997-03-17,1996-08-06,22932,36,7,43,no card,0,Usti nad Orlici (east Bohemia),139012,61.9,8363,3.49,108,20.135,0.07616884,0
5384,1998-03-07,1997-09-01,23328,12,6,33,no card,0,Havlickuv Brod (east Bohemia),95907,59.1,8388,2.94,87,17.3918,0.23175966,0
5385,1996-09-09,1996-01-13,71460,36,7,16,no card,0,Hl.m. Praha (Prague),1204953,100.0,12541,0.43,167,82.2497,0.15828084,0
5388,1996-11-28,1996-01-07,61560,12,10,53,no card,0,Tachov (west Bohemia),51313,59.2,8930,4.2,108,28.2969,0.57446809,0
5389,1997-08-22,1997-04-08,78600,24,4,41,no card,0,Trutnov (east Bohemia),121947,70.5,8541,2.97,131,31.4809,0.38344456,0
5390,1994-10-30,1993-08-08,170256,24,14,29,no card,0,Jindrichuv Hradec (south Bohemia),93931,56.9,8427,1.54,107,20.366,0.84181797,0
5395,1994-07-30,1993-06-06,299088,36,13,27,no card,0,Bruntal (north Moravia),106054,63.1,8110,6.55,109,29.0324,1.0244143,1
5398,1997-11-04,1996-02-26,53472,12,20,57,no card,0,Nymburk (central Bohemia),81344,55.3,8899,3.97,149,30.5739,0.50073042,0
5409,1995-11-18,1994-11-21,182040,60,11,44,no card,0,Prachatice (south Bohemia),51428,52.7,8402,3.98,120,21.3697,0.3611045,0
5413,1995-12-12,1994-05-22,92976,24,18,25,no card,0,Tachov (west Bohemia),51313,59.2,8930,4.2,108,28.2969,0.43381859,0
5414,1995-03-29,1994-03-19,185952,48,12,50,no card,0,Chomutov (north Bohemia),125236,87.7,9675,7.68,100,41.4418,0.40041344,0
5415,1996-09-26,1995-08-27,139464,36,12,38,no card,0,Opava (north Moravia),182027,56.4,8746,3.74,90,24.3535,0.44294535,1
5418,1995-01-16,1993-03-30,347952,48,21,30,no card,0,Rokycany (west Bohemia),45714,55.6,8843,3.6,113,19.4251,0.81974443,0
5419,1997-02-05,1996-04-25,415800,60,9,47,no card,0,Hl.m. Praha (Prague),1204953,100.0,12541,0.43,167,82.2497,0.55258751,0
5420,1997-02-24,1996-04-13,72504,24,10,46,no card,0,Karlovy Vary (west Bohemia),122603,80.0,8991,2.01,128,43.0087,0.33600267,0
5428,1998-12-02,1997-02-08,230220,36,21,48,classic,1,Rakovnik (central Bohemia),53921,41.3,8598,3.26,123,34.7731,0.74377762,0
5429,1996-07-18,1995-02-11,20196,36,17,25,no card,0,Hl.m. Praha (Prague),1204953,100.0,12541,0.43,167,82.2497,0.04473327,0
5435,1998-06-01,1996-10-30,314688,48,19,24,classic,1,Benesov (central Bohemia),88884,46.7,8507,1.85,132,30.0842,0.77065946,0
5445,1996-06-29,1995-01-02,46320,24,17,17,no card,0,Decin (north Bohemia),133777,84.7,8705,7.61,116,36.3216,0.22171166,0
5446,1997-08-04,1996-03-19,48312,24,16,38,no card,0,Svitavy (east Bohemia),102609,52.0,8187,5.45,94,20.7974,0.24587761,0
5447,1997-11-12,1996-04-04,541200,60,19,50,no card,0,Karvina (north Moravia),285387,89.9,10177,7.75,81,35.4186,0.88631227,1
5449,1995-11-04,1994-12-09,99336,24,10,15,no card,0,Frydek - Mistek (north Moravia),228848,57.2,9893,4.72,96,25.7245,0.41837663,0
5450,1994-12-11,1993-10-25,199680,60,13,45,no card,0,Kolin (central Bohemia),95616,51.4,9307,4.43,118,31.7938,0.35758032,0
5451,1997-05-11,1996-08-04,159744,48,9,24,no card,0,Pisek (south Bohemia),70699,65.3,8968,3.35,131,27.0159,0.37109723,0
5452,1996-04-29,1995-01-21,49440,60,15,29,no card,0,Karvina (north Moravia),285387,89.9,10177,7.75,81,35.4186,0.08096689,0
5453,1995-04-01,1994-02-25,156672,36,13,38,no card,0,Plzen - sever (west Bohemia),72541,36.9,8594,2.01,112,21.0226,0.50639981,0
5463,1998-10-06,1997-10-27,17952,12,11,44,no card,0,Decin (north Bohemia),133777,84.7,8705,7.61,116,36.3216,0.17185526,0
5464,1995-01-30,1993-11-27,95808,12,14,54,no card,0,Karlovy Vary (west Bohemia),122603,80.0,8991,2.01,128,43.0087,0.88799911,0
5469,1997-12-26,1996-07-07,293160,60,17,19,no card,0,Usti nad Orlici (east Bohemia),139012,61.9,8363,3.49,108,20.135,0.58424011,0
5470,1996-04-15,1995-09-09,200976,48,7,41,no card,0,Znojmo (south Moravia),114200,43.7,8403,5.72,105,23.8004,0.49827443,0
5479,1994-01-10,1993-02-27,24516,12,10,35,no card,0,Hl.m. Praha (Prague),1204953,100.0,12541,0.43,167,82.2497,0.16290567,0
5482,1996-01-12,1994-05-21,165120,60,19,45,no card,0,Trutnov (east Bohemia),121947,70.5,8541,2.97,131,31.4809,0.32221051,0
5486,1997-06-13,1995-11-16,466608,48,18,51,no card,0,Kutna Hora (central Bohemia),77963,51.5,8546,4.02,126,40.019,1.13749122,0
5491,1998-02-13,1996-12-04,428784,48,14,61,no card,0,Hl.m. Praha (Prague),1204953,100.0,12541,0.43,167,82.2497,0.71230364,0
5494,1996-06-13,1994-11-13,360000,48,19,23,no card,0,Zlin (south Moravia),197099,74.7,9624,2.31,145,21.6389,0.77930175,0
5495,1996-08-02,1995-11-09,89340,60,8,24,no card,0,Prostejov (south Moravia),110643,51.9,8441,4.48,115,20.3538,0.1764009,0
5501,1998-05-21,1996-08-21,136344,24,21,33,no card,0,Hl.m. Praha (Prague),1204953,100.0,12541,0.43,167,82.2497,0.45299418,0
5519,1994-03-08,1993-03-08,91632,12,12,31,no card,0,Melnik (central Bohemia),94725,63.4,9920,2.87,130,51.1586,0.76975806,0
5520,1998-08-30,1996-12-25,231168,48,20,20,junior,1,Opava (north Moravia),182027,56.4,8746,3.74,90,24.3535,0.55065173,0
5523,1993-12-08,1993-07-05,93888,36,5,43,no card,0,Vyskov (south Moravia),86513,50.5,8288,4.52,110,16.8761,0.31467181,0
5525,1998-04-27,1997-06-16,93888,36,10,61,no card,0,Benesov (central Bohemia),88884,46.7,8507,1.85,132,30.0842,0.30657106,0
5526,1998-11-08,1997-04-02,69624,36,19,51,classic,1,Usti nad Orlici (east Bohemia),139012,61.9,8363,3.49,108,20.135,0.23125673,0
5527,1998-06-15,1997-07-06,156420,60,11,41,no card,0,Usti nad Orlici (east Bohemia),139012,61.9,8363,3.49,108,20.135,0.31173024,0
5531,1997-09-30,1996-02-13,66432,24,19,26,no card,0,Plzen - mesto (west Bohemia),170449,100.0,10787,3.09,131,36.7324,0.25660517,0
5532,1997-05-04,1996-01-26,335280,48,15,44,no card,0,Hodonin (south Moravia),161954,48.0,8720,4.5,116,22.5434,0.80103211,0
5533,1994-07-05,1993-03-20,111384,24,15,27,no card,0,Prachatice (south Bohemia),51428,52.7,8402,3.98,120,21.3697,0.55236848,0
5549,1994-07-16,1993-10-20,50460,60,8,46,no card,0,Praha - zapad (central Bohemia),75637,36.5,9622,0.59,154,46.6571,0.08740387,0
5556,1997-05-19,1996-09-04,268320,60,8,44,no card,0,Hl.m. Praha (Prague),1204953,100.0,12541,0.43,167,82.2497,0.35659038,0
5561,1998-08-29,1997-10-21,437460,60,10,45,no card,0,Frydek - Mistek (north Moravia),228848,57.2,9893,4.72,96,25.7245,0.73698575,0
5563,1996-02-29,1994-07-30,380160,60,18,46,no card,0,Ostrava - mesto (north Moravia),323870,100.0,10673,5.44,100,56.6493,0.59364752,0
5568,1994-05-17,1993-06-18,272520,60,10,54,no card,0,Praha - vychod (central Bohemia),92084,46.7,10124,0.54,141,46.8702,0.4486369,0
5569,1998-01-20,1996-03-27,504000,60,21,26,no card,0,Beroun (central Bohemia),75232,41.7,8980,2.21,111,37.391,0.93541203,0
5576,1994-12-21,1993-05-30,31248,12,18,55,no card,0,Hl.m. Praha (Prague),1204953,100.0,12541,0.43,167,82.2497,0.20763894,0
5582,1998-04-17,1996-06-04,41256,12,22,59,gold,1,Prachatice (south Bohemia),51428,52.7,8402,3.98,120,21.3697,0.40918829,0
5584,1997-12-06,1996-04-09,24792,24,19,39,no card,0,Vyskov (south Moravia),86513,50.5,8288,4.52,110,16.8761,0.12463803,0
5585,1998-07-08,1996-10-14,88608,12,20,50,no card,0,Zdar nad Sazavou (south Moravia),125832,48.3,8512,4.12,102,16.7128,0.8674812,0
5586,1996-09-14,1996-05-03,48744,36,4,32,no card,0,Vsetin (north Moravia),148545,53.5,8909,5.56,113,24.1678,0.15198114,0
5589,1998-06-05,1997-01-11,390000,48,16,50,no card,0,Havlickuv Brod (east Bohemia),95907,59.1,8388,2.94,87,17.3918,0.96864568,0
5591,1996-12-04,1996-04-20,155616,48,7,37,no card,0,Praha - vychod (central Bohemia),92084,46.7,10124,0.54,141,46.8702,0.32022916,0
5593,1996-04-18,1994-05-26,277884,36,22,15,no card,0,Chrudim (east Bohemia),105606,53.0,8254,3.76,97,22.0158,0.93518294,1
5595,1994-09-02,1993-05-08,82896,12,15,22,classic,1,Prostejov (south Moravia),110643,51.9,8441,4.48,115,20.3538,0.81838645,0
5599,1995-03-21,1993-05-23,15420,12,21,29,no card,0,Teplice (north Bohemia),128118,85.3,9317,7.07,97,53.6381,0.13791993,0
5606,1996-08-28,1996-01-28,253512,36,7,51,no card,0,Kromeriz (south Moravia),108871,62.1,8444,3.47,106,21.1718,0.83396495,1
5610,1996-02-24,1994-08-12,123216,48,18,18,no card,0,Louny (north Bohemia),85852,59.8,8965,8.23,104,32.8705,0.28633575,0
5611,1996-11-15,1996-03-27,321180,60,7,60,no card,0,Ceske Budejovice (south Bohemia),177686,74.8,10045,1.71,135,35.4277,0.53290194,0
5614,1998-09-21,1996-12-15,253560,60,21,47,no card,0,Most (north Bohemia),119895,89.9,10446,9.4,90,39.5596,0.40455677,0
5616,1998-05-15,1996-10-18,130896,24,18,43,no card,0,Louny (north Bohemia),85852,59.8,8965,8.23,104,32.8705,0.60836587,0
5620,1998-06-16,1996-08-26,30012,12,21,44,no card,0,Rychnov nad Kneznou (east Bohemia),78955,59.0,9060,2.44,124,21.7466,0.27604857,0
5624,1995-01-03,1993-08-10,177744,48,16,22,no card,0,Novy Jicin (north Moravia),161227,69.7,8678,5.57,102,28.5002,0.42671122,1
5625,1996-12-15,1995-11-29,222180,60,12,57,no card,0,Rokycany (west Bohemia),45714,55.6,8843,3.6,113,19.4251,0.41874929,1
5634,1997-05-01,1995-11-18,39024,12,17,60,no card,0,Zlin (south Moravia),197099,74.7,9624,2.31,145,21.6389,0.33790524,0
5635,1996-10-04,1995-03-11,77184,36,18,41,no card,0,Hl.m. Praha (Prague),1204953,100.0,12541,0.43,167,82.2497,0.17095925,0
5638,1997-08-27,1996-10-11,68124,12,10,39,no card,0,Ostrava - mesto (north Moravia),323870,100.0,10673,5.44,100,56.6493,0.53190293,0
5643,1997-09-21,1995-12-29,94512,12,20,44,no card,0,Ostrava - mesto (north Moravia),323870,100.0,10673,5.44,100,56.6493,0.73793685,1
5644,1998-11-27,1997-08-08,276084,36,15,34,classic,1,Hl.m. Praha (Prague),1204953,100.0,12541,0.43,167,82.2497,0.61151423,0
5651,1997-12-08,1996-10-12,19248,12,13,33,no card,0,Beroun (central Bohemia),75232,41.7,8980,2.21,111,37.391,0.17861915,0
5656,1997-02-09,1996-08-27,146064,24,5,43,no card,0,Ostrava - mesto (north Moravia),323870,100.0,10673,5.44,100,56.6493,0.57022393,0
5657,1994-07-05,1993-11-05,4980,12,8,41,no card,0,Vyskov (south Moravia),86513,50.5,8288,4.52,110,16.8761,0.05007239,0
5665,1998-03-11,1996-12-22,40632,12,14,52,no card,0,Pribram (central Bohemia),107870,58.0,8754,4.31,137,35.858,0.38679461,0
5669,1998-06-27,1997-05-20,71820,36,13,34,no card,0,Vyskov (south Moravia),86513,50.5,8288,4.52,110,16.8761,0.24070946,0
5674,1997-06-10,1996-09-02,207264,48,9,34,no card,0,Havlickuv Brod (east Bohemia),95907,59.1,8388,2.94,87,17.3918,0.51478302,0
5681,1997-10-20,1996-06-06,68664,24,16,17,no card,0,Jihlava (south Moravia),109164,63.6,8757,3.95,96,22.6357,0.32671006,0
5682,1997-03-07,1996-03-13,67464,12,11,61,no card,0,Chomutov (north Bohemia),125236,87.7,9675,7.68,100,41.4418,0.58108527,0
5683,1998-05-29,1997-04-08,140688,48,13,56,no card,0,Jindrichuv Hradec (south Bohemia),93931,56.9,8427,1.54,107,20.366,0.34781061,0
5693,1995-08-01,1994-12-08,44088,24,7,44,no card,0,Nymburk (central Bohemia),81344,55.3,8899,3.97,149,30.5739,0.20642769,0
5698,1998-09-22,1997-08-29,174840,60,12,47,no card,0,Jihlava (south Moravia),109164,63.6,8757,3.95,96,22.6357,0.33276236,0
5699,1998-05-24,1996-07-19,174960,24,22,20,no card,0,Svitavy (east Bohemia),102609,52.0,8187,5.45,94,20.7974,0.89043606,0
5706,1996-05-24,1994-08-30,161496,36,20,24,no card,0,Olomouc (north Moravia),226122,62.6,8994,4.79,110,40.7214,0.49877696,0
5713,1995-05-30,1993-07-27,158760,60,22,17,no card,0,Rychnov nad Kneznou (east Bohemia),78955,59.0,9060,2.44,124,21.7466,0.29205298,0
5718,1997-09-01,1995-10-28,14028,12,22,51,no card,0,Blansko (south Moravia),107911,50.9,8240,3.56,99,17.6349,0.14186893,0
5719,1997-09-20,1996-04-28,271584,48,16,21,no card,0,Hl.m. Praha (Prague),1204953,100.0,12541,0.43,167,82.2497,0.45116019,0
5723,1994-09-10,1993-03-12,23628,12,17,40,no card,0,Louny (north Bohemia),85852,59.8,8965,8.23,104,32.8705,0.2196319,0
5724,1995-02-05,1993-03-24,316140,60,22,26,no card,0,Hl.m. Praha (Prague),1204953,100.0,12541,0.43,167,82.2497,0.42014193,1
5725,1996-07-23,1995-08-15,444864,48,11,32,no card,0,Zlin (south Moravia),197099,74.7,9624,2.31,145,21.6389,0.96300914,0
5731,1997-11-05,1997-05-08,460980,60,5,32,no card,0,Beroun (central Bohemia),75232,41.7,8980,2.21,111,37.391,0.85556793,1
5739,1995-01-02,1994-05-01,76380,12,8,37,no card,0,Hl.m. Praha (Prague),1204953,100.0,12541,0.43,167,82.2497,0.50753528,0
5740,1995-04-02,1994-11-25,18564,12,4,32,no card,0,Hl.m. Praha (Prague),1204953,100.0,12541,0.43,167,82.2497,0.12335539,0
5741,1996-11-03,1996-02-19,68544,24,8,20,no card,0,Litomerice (north Bohemia),114006,62.3,9065,5.39,123,36.5419,0.31505792,0
5750,1996-02-08,1994-04-07,63252,12,22,46,no card,0,Melnik (central Bohemia),94725,63.4,9920,2.87,130,51.1586,0.53135081,0
5754,1994-09-28,1993-01-19,23052,12,20,53,no card,0,Brno - mesto (south Moravia),387570,100.0,9897,1.96,140,48.239,0.19409922,0
5758,1997-05-02,1996-04-23,307200,60,12,35,no card,0,Blansko (south Moravia),107911,50.9,8240,3.56,99,17.6349,0.62135922,1
5760,1998-09-18,1996-11-23,74916,36,21,56,no card,0,Hl.m. Praha (Prague),1204953,100.0,12541,0.43,167,82.2497,0.16593573,0
5765,1998-02-10,1997-10-18,153936,24,3,48,no card,0,Chrudim (east Bohemia),105606,53.0,8254,3.76,97,22.0158,0.77707778,0
5772,1998-03-08,1997-07-08,334620,60,8,36,no card,0,Usti nad Orlici (east Bohemia),139012,61.9,8363,3.49,108,20.135,0.66686596,0
5773,1998-03-16,1996-04-18,133848,24,22,37,no card,0,Litomerice (north Bohemia),114006,62.3,9065,5.39,123,36.5419,0.61522339,0
5774,1998-07-12,1997-09-28,96984,36,9,26,no card,0,Mlada Boleslav (central Bohemia),112065,69.4,11277,1.44,127,44.501,0.23889332,0
5779,1997-10-14,1996-05-10,107352,36,17,57,no card,0,Plzen - jih (west Bohemia),67298,43.8,8561,1.29,110,16.7464,0.34832379,0
5782,1998-01-04,1997-06-16,63576,12,6,37,no card,0,Hl.m. Praha (Prague),1204953,100.0,12541,0.43,167,82.2497,0.42245435,0
5784,1997-03-29,1996-09-22,84600,36,6,58,no card,0,Brno - mesto (south Moravia),387570,100.0,9897,1.96,140,48.239,0.23744569,1
5790,1997-03-20,1996-11-19,84288,48,4,19,no card,0,Hodonin (south Moravia),161954,48.0,8720,4.5,116,22.5434,0.20137615,0
5799,1997-12-28,1997-01-25,106128,36,11,19,no card,0,Liberec (north Bohemia),159617,85.2,9198,4.28,131,38.417,0.32050446,0
5804,1995-04-05,1993-11-03,158976,48,17,56,no card,0,Usti nad Orlici (east Bohemia),139012,61.9,8363,3.49,108,20.135,0.39603013,0
5805,1995-11-28,1995-07-22,137904,24,4,27,no card,0,Praha - zapad (central Bohemia),75637,36.5,9622,0.59,154,46.6571,0.59717314,1
5808,1997-07-31,1996-05-26,41856,48,14,36,no card,0,Brno - mesto (south Moravia),387570,100.0,9897,1.96,140,48.239,0.08810751,0
5815,1998-06-03,1997-10-05,151200,36,7,51,no card,0,Kutna Hora (central Bohemia),77963,51.5,8546,4.02,126,40.019,0.49145799,0
5817,1997-08-15,1996-05-03,100800,24,15,59,no card,0,Svitavy (east Bohemia),102609,52.0,8187,5.45,94,20.7974,0.51300843,1
5823,1998-06-21,1996-08-19,212976,36,22,24,no card,0,Hl.m. Praha (Prague),1204953,100.0,12541,0.43,167,82.2497,0.47173272,0
5830,1997-08-28,1995-10-04,405780,60,22,46,no card,0,Uherske Hradiste (south Moravia),145688,40.7,8544,1.86,109,19.9467,0.79154963,0
5836,1994-08-27,1994-04-08,79632,24,4,35,no card,0,Zdar nad Sazavou (south Moravia),125832,48.3,8512,4.12,102,16.7128,0.38980263,0
5837,1994-06-29,1993-10-14,244560,60,8,26,no card,0,Breclav (south Moravia),124605,46.0,8772,4.98,126,25.3441,0.46466028,0
5841,1998-11-04,1997-02-20,41988,12,20,25,no card,0,Vsetin (north Moravia),148545,53.5,8909,5.56,113,24.1678,0.39274891,0
5850,1997-05-22,1996-02-04,164196,36,15,40,no card,0,Zlin (south Moravia),197099,74.7,9624,2.31,145,21.6389,0.47391937,0
5856,1997-08-09,1996-07-23,51360,12,12,51,no card,0,Trebic (south Moravia),117897,53.8,8814,5.74,107,17.4644,0.48559111,1
5861,1994-12-08,1993-11-16,51408,24,12,45,no card,0,Rokycany (west Bohemia),45714,55.6,8843,3.6,113,19.4251,0.24222549,0
5862,1997-12-09,1996-04-29,100128,24,19,49,no card,0,Ostrava - mesto (north Moravia),323870,100.0,10673,5.44,100,56.6493,0.39089291,0
5865,1998-10-30,1997-01-08,327660,60,21,56,no card,0,Louny (north Bohemia),85852,59.8,8965,8.23,104,32.8705,0.60914668,0
5868,1997-03-29,1996-03-11,90156,12,12,50,no card,0,Jesenik (north Moravia),42821,48.4,8173,7.01,124,31.7134,0.9192463,0
5876,1995-02-08,1994-01-15,221280,48,12,26,no card,0,Ostrava - mesto (north Moravia),323870,100.0,10673,5.44,100,56.6493,0.43193104,0
5877,1995-02-23,1993-09-10,97224,24,17,43,no card,0,Karlovy Vary (west Bohemia),122603,80.0,8991,2.01,128,43.0087,0.45056167,0
5878,1997-04-01,1995-07-05,74040,12,20,41,no card,0,Opava (north Moravia),182027,56.4,8746,3.74,90,24.3535,0.70546536,0
5880,1995-10-31,1995-04-26,73836,36,6,28,no card,0,Most (north Bohemia),119895,89.9,10446,9.4,90,39.5596,0.1963431,0
5882,1994-09-26,1993-06-07,87816,12,15,33,no card,0,Ceska Lipa (north Bohemia),105058,81.0,9272,3.22,118,42.8811,0.78925798,0
5886,1996-10-31,1996-06-16,192744,36,4,32,no card,0,Uherske Hradiste (south Moravia),145688,40.7,8544,1.86,109,19.9467,0.62663858,0
5887,1994-10-03,1993-06-02,192744,36,16,23,no card,0,Prostejov (south Moravia),110643,51.9,8441,4.48,115,20.3538,0.63428504,0
5889,1998-02-09,1996-09-03,321240,60,17,28,no card,0,Ceske Budejovice (south Bohemia),177686,74.8,10045,1.71,135,35.4277,0.53300149,0
5892,1996-05-14,1995-12-27,66480,24,4,60,no card,0,Opava (north Moravia),182027,56.4,8746,3.74,90,24.3535,0.31671621,1
5893,1998-08-03,1997-04-13,86184,36,15,29,no card,0,Pelhrimov (south Bohemia),74062,61.4,8114,2.62,119,15.9461,0.2950456,0
5895,1997-01-03,1995-10-09,93960,60,14,34,no card,0,Jicin (east Bohemia),77917,53.5,8390,2.89,132,27.2341,0.18665077,0
5897,1996-09-25,1994-11-10,15192,24,22,23,no card,0,Karlovy Vary (west Bohemia),122603,80.0,8991,2.01,128,43.0087,0.07040374,0
5900,1996-01-01,1995-01-03,135360,48,11,20,junior,1,Svitavy (east Bohemia),102609,52.0,8187,5.45,94,20.7974,0.34444852,0
5906,1998-05-05,1997-08-03,81144,36,9,53,no card,0,Frydek - Mistek (north Moravia),228848,57.2,9893,4.72,96,25.7245,0.22783787,0
5909,1998-01-03,1997-02-06,61320,60,10,50,no card,0,Breclav (south Moravia),124605,46.0,8772,4.98,126,25.3441,0.11650707,0
5918,1994-06-04,1993-06-05,300204,36,11,30,no card,0,Plzen - jih (west Bohemia),67298,43.8,8561,1.29,110,16.7464,0.97406845,0
5922,1995-08-05,1994-08-27,20220,12,11,22,no card,0,Nymburk (central Bohemia),81344,55.3,8899,3.97,149,30.5739,0.18934712,0
5923,1996-10-10,1996-06-08,64656,48,4,49,no card,0,Plzen - jih (west Bohemia),67298,43.8,8561,1.29,110,16.7464,0.15734143,0
5930,1998-01-12,1997-09-24,66696,24,3,22,no card,0,Hl.m. Praha (Prague),1204953,100.0,12541,0.43,167,82.2497,0.22159317,0
5931,1997-03-17,1996-07-21,66696,24,7,30,no card,0,Beroun (central Bohemia),75232,41.7,8980,2.21,111,37.391,0.30946548,1
5932,1997-06-18,1996-06-15,33348,12,12,26,no card,0,Nymburk (central Bohemia),81344,55.3,8899,3.97,149,30.5739,0.31228228,0
5933,1997-12-13,1996-12-12,87528,24,12,46,no card,0,Vsetin (north Moravia),148545,53.5,8909,5.56,113,24.1678,0.40936132,0
5938,1996-08-25,1995-10-15,402000,60,10,16,no card,0,Kladno (central Bohemia),149893,67.4,9753,5.05,109,39.308,0.68696811,0
5940,1997-05-28,1997-01-03,106944,24,4,44,no card,0,Vyskov (south Moravia),86513,50.5,8288,4.52,110,16.8761,0.53764479,0
5942,1997-03-15,1995-08-08,162624,48,19,39,no card,0,Karvina (north Moravia),285387,89.9,10177,7.75,81,35.4186,0.33290754,0
5953,1997-03-14,1996-10-28,97176,24,4,42,no card,0,Mlada Boleslav (central Bohemia),112065,69.4,11277,1.44,127,44.501,0.35904939,0
5956,1997-11-04,1997-04-14,168264,36,6,47,no card,0,Opava (north Moravia),182027,56.4,8746,3.74,90,24.3535,0.53441573,0
5959,1995-08-11,1995-02-13,107640,24,5,35,no card,0,Benesov (central Bohemia),88884,46.7,8507,1.85,132,30.0842,0.52721288,0
5963,1997-09-07,1997-02-21,204780,60,6,44,no card,0,Brno - mesto (south Moravia),387570,100.0,9897,1.96,140,48.239,0.34485198,0
5970,1995-07-09,1994-01-14,465072,48,17,47,no card,0,Zdar nad Sazavou (south Moravia),125832,48.3,8512,4.12,102,16.7128,1.13827538,0
5973,1997-11-24,1997-08-08,219456,48,3,37,no card,0,Nachod (east Bohemia),112709,73.5,8369,2.31,117,23.228,0.54630183,0
5976,1997-12-27,1996-12-18,465504,48,12,35,no card,0,Olomouc (north Moravia),226122,62.6,8994,4.79,110,40.7214,1.07827441,1
5977,1997-02-25,1996-06-08,59136,48,8,17,no card,0,Plzen - mesto (west Bohemia),170449,100.0,10787,3.09,131,36.7324,0.11421155,0
5980,1995-08-18,1994-06-04,21396,12,14,26,no card,0,Cesky Krumlov (south Bohemia),58796,51.9,9045,3.6,124,31.958,0.19712548,0
5988,1996-08-22,1996-02-04,141648,24,6,44,no card,0,Usti nad Orlici (east Bohemia),139012,61.9,8363,3.49,108,20.135,0.70572761,0
5989,1996-03-04,1995-04-13,213300,36,10,31,no card,0,Pardubice (east Bohemia),162580,72.8,9538,1.81,111,33.2759,0.62119941,0
5991,1998-07-27,1997-06-21,335184,48,13,20,no card,0,Bruntal (north Moravia),106054,63.1,8110,6.55,109,29.0324,0.86103576,1
5992,1997-03-18,1996-03-12,76080,12,12,17,junior,1,Kolin (central Bohemia),95616,51.4,9307,4.43,118,31.7938,0.68120769,0
5997,1993-11-04,1993-06-20,117024,24,4,58,no card,0,Ceske Budejovice (south Bohemia),177686,74.8,10045,1.71,135,35.4277,0.48541563,0
5999,1996-01-03,1994-02-06,98832,48,22,25,no card,0,Havlickuv Brod (east Bohemia),95907,59.1,8388,2.94,87,17.3918,0.24546972,0
6004,1994-07-23,1993-02-20,143904,24,17,43,no card,0,Pribram (central Bohemia),107870,58.0,8754,4.31,137,35.858,0.68494403,0
6006,1996-11-15,1995-07-29,359760,60,15,17,no card,0,Hradec Kralove (east Bohemia),161854,76.3,9425,2.5,125,24.0402,0.63618037,0
6007,1997-08-30,1996-10-14,289920,48,10,53,no card,0,Decin (north Bohemia),133777,84.7,8705,7.61,116,36.3216,0.69385411,0
6010,1997-03-06,1996-08-19,150180,60,6,59,no card,0,Prostejov (south Moravia),110643,51.9,8441,4.48,115,20.3538,0.29652885,0
6011,1996-11-28,1996-01-22,179328,48,10,23,no card,0,Brno - mesto (south Moravia),387570,100.0,9897,1.96,140,48.239,0.37748813,0
6012,1996-08-03,1996-01-11,258444,36,6,30,no card,0,Hl.m. Praha (Prague),1204953,100.0,12541,0.43,167,82.2497,0.57244239,0
6013,1996-02-03,1994-08-01,128988,36,18,56,no card,0,Strakonice (south Bohemia),70646,58.4,8547,3.64,120,21.8271,0.41921142,1
6014,1997-05-18,1996-02-12,165168,36,15,38,no card,0,Hl.m. Praha (Prague),1204953,100.0,12541,0.43,167,82.2497,0.36584004,0
6015,1996-11-09,1995-12-15,110112,24,10,33,no card,0,Blansko (south Moravia),107911,50.9,8240,3.56,99,17.6349,0.55679612,0
6019,1996-07-25,1995-08-03,11400,12,11,16,no card,0,Brno - mesto (south Moravia),387570,100.0,9897,1.96,140,48.239,0.09598868,0
6027,1996-02-10,1995-08-27,61656,24,5,42,no card,0,Rakovnik (central Bohemia),53921,41.3,8598,3.26,123,34.7731,0.29879042,1
6028,1997-02-09,1996-04-12,317520,60,9,28,no card,0,Kutna Hora (central Bohemia),77963,51.5,8546,4.02,126,40.019,0.61923707,0
6037,1997-05-04,1995-08-05,53232,48,20,32,no card,0,Olomouc (north Moravia),226122,62.6,8994,4.79,110,40.7214,0.12330443,0
6038,1994-08-10,1993-06-21,323472,48,13,53,no card,0,Hl.m. Praha (Prague),1204953,100.0,12541,0.43,167,82.2497,0.53735747,0
6043,1996-01-11,1995-04-03,20352,48,9,47,no card,0,Jihlava (south Moravia),109164,63.6,8757,3.95,96,22.6357,0.04841841,0
6044,1998-01-27,1996-12-08,57060,12,13,54,no card,0,Frydek - Mistek (north Moravia),228848,57.2,9893,4.72,96,25.7245,0.48064288,0
6052,1998-03-23,1997-05-13,22356,36,10,57,no card,0,Kolin (central Bohemia),95616,51.4,9307,4.43,118,31.7938,0.06672397,0
6054,1998-07-16,1997-02-24,58764,12,16,52,no card,0,Brno - mesto (south Moravia),387570,100.0,9897,1.96,140,48.239,0.4947964,0
6055,1997-04-28,1996-02-03,399120,60,14,54,no card,0,Prerov (north Moravia),138032,64.6,8819,5.66,99,32.6374,0.75428053,0
6059,1997-12-28,1997-06-29,79824,12,5,40,no card,0,Rakovnik (central Bohemia),53921,41.3,8598,3.26,123,34.7731,0.77366829,0
6063,1996-04-25,1995-08-18,320976,48,8,59,no card,0,Hl.m. Praha (Prague),1204953,100.0,12541,0.43,167,82.2497,0.53321107,1
6064,1994-08-04,1993-07-01,14628,12,13,45,no card,0,Brno - venkov (south Moravia),157042,33.9,8743,2.43,111,24.7959,0.13942583,0
6066,1994-07-11,1993-06-23,173808,24,12,37,no card,0,Vsetin (north Moravia),148545,53.5,8909,5.56,113,24.1678,0.81288585,0
6072,1994-05-10,1993-10-25,193968,36,6,21,no card,0,Olomouc (north Moravia),226122,62.6,8994,4.79,110,40.7214,0.59906604,0
6073,1996-11-12,1995-07-14,276300,60,15,20,no card,0,Zlin (south Moravia),197099,74.7,9624,2.31,145,21.6389,0.47849127,0
6075,1997-11-26,1996-01-12,129312,24,22,24,no card,0,Kladno (central Bohemia),149893,67.4,9753,5.05,109,39.308,0.5524454,1
6076,1997-02-02,1996-07-04,117420,60,6,30,no card,0,Semily (east Bohemia),75685,60.8,8208,2.26,155,28.0505,0.23842593,0
6077,1993-11-22,1993-01-13,79608,24,10,23,no card,0,Chrudim (east Bohemia),105606,53.0,8254,3.76,97,22.0158,0.40186576,0
6078,1998-09-09,1997-09-18,170832,48,11,28,no card,0,Cesky Krumlov (south Bohemia),58796,51.9,9045,3.6,124,31.958,0.39347706,0
6083,1998-03-31,1996-09-16,240528,48,18,41,no card,0,Pardubice (east Bohemia),162580,72.8,9538,1.81,111,33.2759,0.5253722,0
6087,1994-02-27,1993-04-29,300660,60,9,44,no card,0,Teplice (north Bohemia),128118,85.3,9317,7.07,97,53.6381,0.53783407,0
6088,1997-03-07,1996-10-20,90180,36,4,36,no card,0,Plzen - sever (west Bohemia),72541,36.9,8594,2.01,112,21.0226,0.29148243,0
6095,1997-01-24,1995-05-18,68340,60,20,43,no card,0,Kladno (central Bohemia),149893,67.4,9753,5.05,109,39.308,0.11678458,0
6097,1997-08-21,1996-09-06,202848,48,11,56,no card,0,Sumperk (north Moravia),127369,51.2,8369,5.88,107,22.0383,0.50495878,0
6103,1994-04-07,1993-05-21,149340,60,10,31,no card,0,Chrudim (east Bohemia),105606,53.0,8254,3.76,97,22.0158,0.30155076,0
6104,1997-09-05,1996-04-26,158184,36,16,44,no card,0,Pardubice (east Bohemia),162580,72.8,9538,1.81,111,33.2759,0.46068358,0
6109,1996-06-03,1994-10-22,368880,60,19,21,no card,0,Zdar nad Sazavou (south Moravia),125832,48.3,8512,4.12,102,16.7128,0.72227444,0
6111,1993-09-24,1993-04-14,174744,24,5,45,no card,0,Karlovy Vary (west Bohemia),122603,80.0,8991,2.01,128,43.0087,0.80980981,1
6112,1994-06-17,1993-03-22,174744,24,14,15,no card,0,Chomutov (north Bohemia),125236,87.7,9675,7.68,100,41.4418,0.75255814,1
6113,1997-10-01,1997-02-19,78696,36,7,26,no card,0,Olomouc (north Moravia),226122,62.6,8994,4.79,110,40.7214,0.24305092,0
6118,1997-10-04,1995-12-17,349392,48,21,43,classic,1,Hodonin (south Moravia),161954,48.0,8720,4.5,116,22.5434,0.83474771,0
6120,1994-09-11,1993-08-16,209184,48,12,41,no card,0,Usti nad Orlici (east Bohemia),139012,61.9,8363,3.49,108,20.135,0.52110487,0
6130,1996-07-18,1995-03-24,32640,48,15,53,no card,0,Hradec Kralove (east Bohemia),161854,76.3,9425,2.5,125,24.0402,0.07214854,0
6136,1998-04-19,1997-08-11,140880,60,8,40,no card,0,Cesky Krumlov (south Bohemia),58796,51.9,9045,3.6,124,31.958,0.25959093,0
6137,1996-04-10,1994-07-14,44628,12,20,52,no card,0,Rakovnik (central Bohemia),53921,41.3,8598,3.26,123,34.7731,0.43254245,0
6142,1997-01-21,1996-03-16,221880,60,10,53,no card,0,Nymburk (central Bohemia),81344,55.3,8899,3.97,149,30.5739,0.41555231,0
6144,1996-08-09,1996-02-27,44376,12,5,34,no card,0,Cesky Krumlov (south Bohemia),58796,51.9,9045,3.6,124,31.958,0.40884467,0
6147,1997-12-28,1996-07-10,177504,48,17,53,no card,0,Prachatice (south Bohemia),51428,52.7,8402,3.98,120,21.3697,0.4401333,0
6150,1994-11-02,1993-02-08,83016,12,20,15,no card,0,Karvina (north Moravia),285387,89.9,10177,7.75,81,35.4186,0.6797681,0
6151,1995-04-25,1994-06-17,225420,60,10,46,no card,0,Trebic (south Moravia),117897,53.8,8814,5.74,107,17.4644,0.42625369,0
6153,1995-07-25,1994-11-15,285600,60,8,14,no card,0,Kolin (central Bohemia),95616,51.4,9307,4.43,118,31.7938,0.511443,0
6157,1995-07-10,1995-01-08,98592,24,6,31,no card,0,Praha - vychod (central Bohemia),92084,46.7,10124,0.54,141,46.8702,0.40576847,0
6168,1998-11-21,1997-09-04,99216,36,14,47,no card,0,Hl.m. Praha (Prague),1204953,100.0,12541,0.43,167,82.2497,0.21975919,0
6169,1995-03-16,1993-07-20,103680,60,19,23,no card,0,Havlickuv Brod (east Bohemia),95907,59.1,8388,2.94,87,17.3918,0.20600858,1
6173,1997-01-08,1995-04-19,232560,48,20,57,no card,0,Ceske Budejovice (south Bohemia),177686,74.8,10045,1.71,135,35.4277,0.48232952,0
6175,1996-02-21,1995-01-25,290700,60,12,36,no card,0,Usti nad Orlici (east Bohemia),139012,61.9,8363,3.49,108,20.135,0.57933756,1
6178,1995-12-16,1995-07-05,232560,48,5,25,no card,0,Ostrava - mesto (north Moravia),323870,100.0,10673,5.44,100,56.6493,0.45394922,0
6185,1995-11-28,1995-06-08,31176,24,5,27,no card,0,Hl.m. Praha (Prague),1204953,100.0,12541,0.43,167,82.2497,0.10358026,0
6190,1996-05-06,1995-07-14,123600,60,9,28,no card,0,Karvina (north Moravia),285387,89.9,10177,7.75,81,35.4186,0.20241722,0
6196,1997-09-14,1996-07-18,177804,36,13,26,no card,0,Kolin (central Bohemia),95616,51.4,9307,4.43,118,31.7938,0.53067584,0
6202,1994-04-18,1993-01-25,65184,12,14,36,no card,0,Brno - mesto (south Moravia),387570,100.0,9897,1.96,140,48.239,0.54885319,0
6207,1998-06-23,1996-10-25,184620,60,19,34,no card,0,Jicin (east Bohemia),77917,53.5,8390,2.89,132,27.2341,0.36674613,0
6210,1994-06-06,1993-11-26,87216,48,6,30,no card,0,Cesky Krumlov (south Bohemia),58796,51.9,9045,3.6,124,31.958,0.20088447,1
6215,1998-06-18,1997-06-06,78720,48,12,54,no card,0,Plzen - jih (west Bohemia),67298,43.8,8561,1.29,110,16.7464,0.19156641,0
6216,1994-09-30,1993-09-07,141240,24,12,32,no card,0,Svitavy (east Bohemia),102609,52.0,8187,5.45,94,20.7974,0.71882252,0
6223,1994-11-03,1993-11-21,61056,48,11,37,no card,0,Hl.m. Praha (Prague),1204953,100.0,12541,0.43,167,82.2497,0.10142732,0
6227,1995-03-04,1993-08-24,28248,24,18,25,no card,0,Pardubice (east Bohemia),162580,72.8,9538,1.81,111,33.2759,0.12340113,0
6228,1993-12-01,1993-03-19,464520,60,8,52,no card,0,Kutna Hora (central Bohemia),77963,51.5,8546,4.02,126,40.019,0.9059209,1
6229,1994-10-02,1993-04-22,11736,24,17,56,no card,0,Hl.m. Praha (Prague),1204953,100.0,12541,0.43,167,82.2497,0.03899211,0
6232,1994-07-08,1993-08-28,276660,36,10,45,no card,0,Breclav (south Moravia),124605,46.0,8772,4.98,126,25.3441,0.87608299,1
6234,1998-05-28,1997-03-08,5148,12,14,35,no card,0,Hl.m. Praha (Prague),1204953,100.0,12541,0.43,167,82.2497,0.0342078,0
6235,1998-04-19,1996-08-28,321360,60,19,23,no card,0,Karlovy Vary (west Bohemia),122603,80.0,8991,2.01,128,43.0087,0.59570682,0
6237,1998-01-06,1996-09-15,407952,48,15,23,no card,0,Prachatice (south Bohemia),51428,52.7,8402,3.98,120,21.3697,1.01154487,1
6239,1997-09-28,1996-09-19,360864,48,12,19,no card,0,Kutna Hora (central Bohemia),77963,51.5,8546,4.02,126,40.019,0.87970981,1
6242,1997-10-22,1997-06-15,26208,36,4,24,no card,0,Rokycany (west Bohemia),45714,55.6,8843,3.6,113,19.4251,0.082325,0
6244,1995-01-08,1994-03-07,270648,36,10,57,no card,0,Hl.m. Praha (Prague),1204953,100.0,12541,0.43,167,82.2497,0.59947373,1
6249,1997-07-30,1997-01-22,67608,24,6,34,no card,0,Brno - mesto (south Moravia),387570,100.0,9897,1.96,140,48.239,0.28463171,0
6253,1994-11-04,1993-12-27,59760,24,10,35,no card,0,Ostrava - mesto (north Moravia),323870,100.0,10673,5.44,100,56.6493,0.23329898,0
6254,1997-12-28,1996-11-11,247920,48,13,55,classic,1,Chomutov (north Bohemia),125236,87.7,9675,7.68,100,41.4418,0.53385013,0
6255,1997-02-08,1996-05-13,247920,48,8,39,no card,0,Bruntal (north Moravia),106054,63.1,8110,6.55,109,29.0324,0.63686806,1
6272,1994-12-20,1993-07-26,398640,60,16,34,no card,0,Ostrava - mesto (north Moravia),323870,100.0,10673,5.44,100,56.6493,0.62250539,0
6278,1997-06-10,1996-11-01,87360,24,7,60,no card,0,Kolin (central Bohemia),95616,51.4,9307,4.43,118,31.7938,0.39110347,0
6279,1994-06-07,1993-07-21,87360,24,10,31,no card,0,Louny (north Bohemia),85852,59.8,8965,8.23,104,32.8705,0.40602342,0
6283,1996-08-11,1995-04-05,85632,48,16,47,no card,0,Zlin (south Moravia),197099,74.7,9624,2.31,145,21.6389,0.18536991,0
6294,1995-02-12,1993-11-26,79920,60,14,41,no card,0,Plzen - mesto (west Bohemia),170449,100.0,10787,3.09,131,36.7324,0.12348197,0
6296,1996-08-06,1995-05-27,270384,48,14,34,no card,0,Beroun (central Bohemia),75232,41.7,8980,2.21,111,37.391,0.62728285,0
6297,1994-10-25,1993-08-01,17508,12,14,48,no card,0,Ostrava - mesto (north Moravia),323870,100.0,10673,5.44,100,56.6493,0.13670008,0
6302,1996-09-16,1995-03-15,181020,60,18,30,no card,0,Rychnov nad Kneznou (east Bohemia),78955,59.0,9060,2.44,124,21.7466,0.33300221,0
6303,1996-02-12,1995-10-09,72408,24,4,37,no card,0,Tachov (west Bohemia),51313,59.2,8930,4.2,108,28.2969,0.33784994,1
6306,1994-12-20,1993-03-29,36684,12,20,16,no card,0,Tachov (west Bohemia),51313,59.2,8930,4.2,108,28.2969,0.34232923,0
6309,1996-11-11,1995-05-08,110136,24,18,38,no card,0,Hl.m. Praha (Prague),1204953,100.0,12541,0.43,167,82.2497,0.36591978,0
6310,1997-06-17,1996-11-01,34572,12,7,20,no card,0,Hl.m. Praha (Prague),1204953,100.0,12541,0.43,167,82.2497,0.2297265,0
6312,1998-05-17,1996-07-27,10944,36,21,46,no card,0,Chomutov (north Bohemia),125236,87.7,9675,7.68,100,41.4418,0.03142119,0
6313,1997-06-15,1996-07-17,150912,36,10,21,no card,0,Svitavy (east Bohemia),102609,52.0,8187,5.45,94,20.7974,0.51203127,0
6315,1995-02-06,1994-02-08,43164,12,11,19,no card,0,Trebic (south Moravia),117897,53.8,8814,5.74,107,17.4644,0.40810075,0
6316,1994-05-26,1993-01-26,76908,12,16,48,no card,0,Pribram (central Bohemia),107870,58.0,8754,4.31,137,35.858,0.73212246,1
6320,1998-04-28,1996-07-23,104964,12,21,31,no card,0,Kutna Hora (central Bohemia),77963,51.5,8546,4.02,126,40.019,1.02351978,0
6321,1998-10-08,1997-09-13,38496,12,12,34,classic,1,Melnik (central Bohemia),94725,63.4,9920,2.87,130,51.1586,0.3233871,0
6322,1997-05-06,1996-12-18,76992,24,4,31,no card,0,Ostrava - mesto (north Moravia),323870,100.0,10673,5.44,100,56.6493,0.30057154,0
6336,1994-03-31,1993-03-05,212400,36,12,27,no card,0,Louny (north Bohemia),85852,59.8,8965,8.23,104,32.8705,0.65811489,0
6338,1997-08-24,1996-10-20,390660,60,10,19,no card,0,Hl.m. Praha (Prague),1204953,100.0,12541,0.43,167,82.2497,0.5191771,0
6342,1995-11-12,1995-03-27,60156,36,7,19,no card,0,Jindrichuv Hradec (south Bohemia),93931,56.9,8427,1.54,107,20.366,0.19829121,1
6346,1997-05-22,1995-07-08,100260,60,22,29,no card,0,Hl.m. Praha (Prague),1204953,100.0,12541,0.43,167,82.2497,0.13324296,0
6350,1997-07-09,1996-01-03,294384,48,18,30,no card,0,Brno - mesto (south Moravia),387570,100.0,9897,1.96,140,48.239,0.61968273,0
6353,1997-12-25,1996-02-10,116496,24,22,39,no card,0,Trebic (south Moravia),117897,53.8,8814,5.74,107,17.4644,0.55071477,0
6354,1996-10-23,1996-06-25,22968,36,3,46,no card,0,Jindrichuv Hradec (south Bohemia),93931,56.9,8427,1.54,107,20.366,0.07570903,0
6355,1997-09-24,1996-06-08,127200,48,15,32,no card,0,Jablonec n. Nisou (north Bohemia),88768,80.5,8867,1.21,130,40.7805,0.29886095,0
6356,1993-12-08,1993-03-15,95400,36,8,22,no card,0,Semily (east Bohemia),75685,60.8,8208,2.26,155,28.0505,0.32285575,0
6357,1998-07-12,1996-12-28,64860,60,18,18,no card,0,Louny (north Bohemia),85852,59.8,8965,8.23,104,32.8705,0.12058003,0
6358,1995-01-14,1993-09-15,137880,60,15,31,no card,0,Rychnov nad Kneznou (east Bohemia),78955,59.0,9060,2.44,124,21.7466,0.25364238,1
6362,1995-10-31,1994-07-28,37908,12,15,19,no card,0,Uherske Hradiste (south Moravia),145688,40.7,8544,1.86,109,19.9467,0.36973315,0
6377,1997-03-17,1996-05-11,17184,12,10,52,no card,0,Hl.m. Praha (Prague),1204953,100.0,12541,0.43,167,82.2497,0.11418547,0
6386,1997-04-30,1995-08-19,124344,36,20,17,no card,0,Hradec Kralove (east Bohemia),161854,76.3,9425,2.5,125,24.0402,0.36647215,0
6399,1997-12-21,1996-10-22,49320,36,13,31,no card,0,Prostejov (south Moravia),110643,51.9,8441,4.48,115,20.3538,0.16230304,0
6402,1998-12-06,1997-05-12,139488,24,18,29,no card,0,Beroun (central Bohemia),75232,41.7,8980,2.21,111,37.391,0.64721604,0
6403,1995-12-05,1994-06-01,194880,48,18,15,no card,0,Ostrava - mesto (north Moravia),323870,100.0,10673,5.44,100,56.6493,0.38039914,0
6407,1994-05-26,1993-09-08,25944,24,8,34,no card,0,Usti nad Labem (north Bohemia),118650,85.6,9832,4.48,114,46.1104,0.10994711,0
6415,1997-02-12,1996-10-12,475680,48,4,30,no card,0,Liberec (north Bohemia),159617,85.2,9198,4.28,131,38.417,1.07740813,0
6421,1996-07-25,1995-07-27,96768,36,11,28,no card,0,Louny (north Bohemia),85852,59.8,8965,8.23,104,32.8705,0.29983268,0
6435,1997-06-16,1996-12-26,288720,48,5,54,no card,0,Trutnov (east Bohemia),121947,70.5,8541,2.97,131,31.4809,0.70425009,0
6436,1998-05-22,1997-10-12,495180,60,7,18,no card,0,Jesenik (north Moravia),42821,48.4,8173,7.01,124,31.7134,1.00978833,0
6437,1997-11-09,1997-07-17,63972,36,3,50,no card,0,Brno - venkov (south Moravia),157042,33.9,8743,2.43,111,24.7959,0.20324831,1
6442,1998-02-08,1996-09-06,194160,48,17,52,no card,0,Hodonin (south Moravia),161954,48.0,8720,4.5,116,22.5434,0.46387615,0
6450,1998-06-10,1996-08-20,234336,48,21,26,no card,0,Hl.m. Praha (Prague),1204953,100.0,12541,0.43,167,82.2497,0.38928315,0
6456,1993-12-09,1993-04-14,47016,12,7,35,no card,0,Zlin (south Moravia),197099,74.7,9624,2.31,145,21.6389,0.40710723,0
6460,1994-11-06,1993-09-17,48672,36,13,46,no card,0,Hl.m. Praha (Prague),1204953,100.0,12541,0.43,167,82.2497,0.1078064,0
6461,1996-09-19,1995-04-09,74124,36,17,57,no card,0,Pribram (central Bohemia),107870,58.0,8754,4.31,137,35.858,0.23520676,0
6464,1998-04-16,1997-09-11,49488,24,7,56,classic,1,Novy Jicin (north Moravia),161227,69.7,8678,5.57,102,28.5002,0.23761235,0
6468,1997-11-30,1996-12-07,203940,60,11,43,no card,0,Hl.m. Praha (Prague),1204953,100.0,12541,0.43,167,82.2497,0.27103102,0
6469,1998-11-17,1997-06-12,99744,24,17,27,no card,0,Melnik (central Bohemia),94725,63.4,9920,2.87,130,51.1586,0.41895161,0
6470,1998-05-17,1996-07-02,49872,12,22,31,no card,0,Vsetin (north Moravia),148545,53.5,8909,5.56,113,24.1678,0.46649456,0
6471,1996-08-04,1995-06-19,155640,24,13,53,no card,0,Kolin (central Bohemia),95616,51.4,9307,4.43,118,31.7938,0.69678736,0
6474,1995-06-06,1993-09-06,63360,60,21,39,no card,0,Semily (east Bohemia),75685,60.8,8208,2.26,155,28.0505,0.12865497,0
6486,1998-01-15,1996-04-23,152160,60,20,49,no card,0,Pelhrimov (south Bohemia),74062,61.4,8114,2.62,119,15.9461,0.31254622,0
6490,1997-02-10,1996-08-30,73260,60,5,56,no card,0,Karvina (north Moravia),285387,89.9,10177,7.75,81,35.4186,0.11997642,0
6495,1998-03-12,1997-09-28,49044,12,5,44,no card,0,Praha - zapad (central Bohemia),75637,36.5,9622,0.59,154,46.6571,0.42475577,0
6499,1994-01-05,1993-02-26,80952,24,10,48,no card,0,Hl.m. Praha (Prague),1204953,100.0,12541,0.43,167,82.2497,0.26895782,0
6501,1996-04-29,1995-04-07,30276,12,12,57,no card,0,Tabor (south Bohemia),103347,67.0,9104,2.07,123,22.7776,0.27713093,1
6502,1997-12-08,1996-07-28,30276,12,16,35,no card,0,Frydek - Mistek (north Moravia),228848,57.2,9893,4.72,96,25.7245,0.25502881,0
6508,1998-04-19,1997-08-08,110736,48,8,58,no card,0,Prachatice (south Bohemia),51428,52.7,8402,3.98,120,21.3697,0.27457748,0
6509,1994-03-15,1993-03-18,55368,24,11,54,no card,0,Zlin (south Moravia),197099,74.7,9624,2.31,145,21.6389,0.23971322,0
6512,1994-05-26,1993-04-19,63312,48,13,38,no card,0,Kladno (central Bohemia),149893,67.4,9753,5.05,109,39.308,0.13524044,0
6520,1994-03-16,1993-07-28,91200,24,7,38,no card,0,Most (north Bohemia),119895,89.9,10446,9.4,90,39.5596,0.36377561,0
6526,1995-01-03,1994-08-29,288468,36,4,36,no card,0,Vyskov (south Moravia),86513,50.5,8288,4.52,110,16.8761,0.9668195,0
6534,1997-10-19,1996-05-16,590820,60,17,30,no card,0,Brno - mesto (south Moravia),387570,100.0,9897,1.96,140,48.239,0.99494796,0
6535,1995-11-02,1994-09-03,41952,12,13,22,no card,0,Hradec Kralove (east Bohemia),161854,76.3,9425,2.5,125,24.0402,0.37092838,0
6539,1998-07-11,1997-05-24,12792,12,13,24,no card,0,Breclav (south Moravia),124605,46.0,8772,4.98,126,25.3441,0.12152303,0
6540,1995-12-31,1995-01-17,309600,48,11,20,no card,0,Olomouc (north Moravia),226122,62.6,8994,4.79,110,40.7214,0.71714476,0
6541,1997-08-17,1996-04-02,153504,48,16,21,no card,0,Kromeriz (south Moravia),108871,62.1,8444,3.47,106,21.1718,0.37873046,0
6544,1997-12-11,1996-02-16,130464,48,21,23,no card,0,Jindrichuv Hradec (south Bohemia),93931,56.9,8427,1.54,107,20.366,0.32253471,0
6545,1995-12-12,1995-03-15,191880,60,8,46,no card,0,Tabor (south Bohemia),103347,67.0,9104,2.07,123,22.7776,0.35127417,0
6546,1995-03-27,1993-09-05,31728,24,18,44,no card,0,Hl.m. Praha (Prague),1204953,100.0,12541,0.43,167,82.2497,0.10541424,0
6550,1996-05-18,1995-02-08,320592,48,15,25,classic,1,Uherske Hradiste (south Moravia),145688,40.7,8544,1.86,109,19.9467,0.78171816,0
6552,1998-01-08,1996-09-22,170448,48,15,54,no card,0,Frydek - Mistek (north Moravia),228848,57.2,9893,4.72,96,25.7245,0.35894067,0
6553,1998-01-26,1996-10-08,42384,12,15,56,no card,0,Teplice (north Bohemia),128118,85.3,9317,7.07,97,53.6381,0.37909198,0
6554,1997-01-29,1996-08-19,390096,48,5,18,no card,0,Nachod (east Bohemia),112709,73.5,8369,2.31,117,23.228,0.97108376,0
6562,1997-03-21,1996-07-21,94488,24,8,38,no card,0,Hl.m. Praha (Prague),1204953,100.0,12541,0.43,167,82.2497,0.31393031,0
6568,1998-02-25,1996-05-25,220440,60,21,42,no card,0,Svitavy (east Bohemia),102609,52.0,8187,5.45,94,20.7974,0.44876023,0
6569,1998-05-28,1997-07-03,45456,12,10,51,no card,0,Rakovnik (central Bohemia),53921,41.3,8598,3.26,123,34.7731,0.44056757,0
6571,1998-05-12,1996-07-08,140064,24,22,47,no card,0,Prachatice (south Bohemia),51428,52.7,8402,3.98,120,21.3697,0.69459652,0
6574,1997-12-20,1996-11-29,77544,36,12,55,no card,0,Benesov (central Bohemia),88884,46.7,8507,1.85,132,30.0842,0.25320324,0
6577,1994-03-11,1993-02-08,51696,24,13,26,classic,1,Ostrava - mesto (north Moravia),323870,100.0,10673,5.44,100,56.6493,0.20181767,0
6578,1995-12-11,1994-07-10,27984,12,17,46,no card,0,Usti nad Orlici (east Bohemia),139012,61.9,8363,3.49,108,20.135,0.2788473,0
6580,1994-05-22,1993-10-03,196080,48,7,35,no card,0,Cheb (west Bohemia),87419,85.5,8624,2.66,102,36.5824,0.47367811,0
6585,1996-10-29,1995-01-05,372120,60,21,51,no card,0,Zlin (south Moravia),197099,74.7,9624,2.31,145,21.6389,0.64443059,0
6589,1996-01-01,1995-04-09,189696,24,8,50,no card,0,Prachatice (south Bohemia),51428,52.7,8402,3.98,120,21.3697,0.9407284,0
6591,1995-02-02,1993-08-01,20832,48,18,46,no card,0,Louny (north Bohemia),85852,59.8,8965,8.23,104,32.8705,0.04841049,0
6594,1994-09-28,1994-05-17,189696,24,4,24,no card,0,Prostejov (south Moravia),110643,51.9,8441,4.48,115,20.3538,0.93638195,1
6596,1994-06-25,1993-11-26,91584,24,6,42,no card,0,Hl.m. Praha (Prague),1204953,100.0,12541,0.43,167,82.2497,0.30428196,0
6598,1995-01-18,1993-08-04,68112,12,17,17,no card,0,Prerov (north Moravia),138032,64.6,8819,5.66,99,32.6374,0.64361039,0
6599,1996-11-19,1995-03-14,72120,12,20,44,no card,0,Usti nad Orlici (east Bohemia),139012,61.9,8363,3.49,108,20.135,0.71864164,0
6600,1995-10-08,1995-04-22,21852,36,5,40,no card,0,Chomutov (north Bohemia),125236,87.7,9675,7.68,100,41.4418,0.06273902,0
6605,1997-10-14,1996-03-26,79344,48,18,46,no card,0,Cheb (west Bohemia),87419,85.5,8624,2.66,102,36.5824,0.1916744,0
6607,1997-10-21,1996-04-09,153144,36,18,28,classic,1,Plzen - jih (west Bohemia),67298,43.8,8561,1.29,110,16.7464,0.49690457,0
6612,1997-08-31,1996-07-27,97392,12,13,37,no card,0,Karvina (north Moravia),285387,89.9,10177,7.75,81,35.4186,0.79748452,0
6613,1996-09-22,1996-06-09,84120,24,3,46,no card,0,Jesenik (north Moravia),42821,48.4,8173,7.01,124,31.7134,0.4288511,0
6621,1997-06-14,1995-09-07,42900,12,21,32,no card,0,Trutnov (east Bohemia),121947,70.5,8541,2.97,131,31.4809,0.41856925,0
6624,1994-09-30,1993-11-08,71460,12,10,49,no card,0,Brno - venkov (south Moravia),157042,33.9,8743,2.43,111,24.7959,0.68111632,0
6625,1997-09-07,1996-12-27,473280,60,8,30,no card,0,Brno - mesto (south Moravia),387570,100.0,9897,1.96,140,48.239,0.79700919,1
6632,1998-04-23,1996-08-30,144960,48,19,31,no card,0,Nymburk (central Bohemia),81344,55.3,8899,3.97,149,30.5739,0.33936397,0
6633,1998-02-05,1996-04-25,160656,24,21,27,no card,0,Praha - vychod (central Bohemia),92084,46.7,10124,0.54,141,46.8702,0.66120111,0
6641,1997-09-09,1997-03-23,128268,36,5,54,no card,0,Liberec (north Bohemia),159617,85.2,9198,4.28,131,38.417,0.38736682,0
6642,1994-06-05,1993-07-07,77640,12,10,26,no card,0,Chrudim (east Bohemia),105606,53.0,8254,3.76,97,22.0158,0.78386237,0
6643,1998-01-18,1996-08-17,35856,24,17,30,no card,0,Pardubice (east Bohemia),162580,72.8,9538,1.81,111,33.2759,0.15663661,0
6644,1996-10-20,1995-12-17,93600,24,10,24,no card,0,Nymburk (central Bohemia),81344,55.3,8899,3.97,149,30.5739,0.43825149,0
6645,1994-11-06,1993-10-10,140400,36,12,53,no card,0,Hl.m. Praha (Prague),1204953,100.0,12541,0.43,167,82.2497,0.31097999,0
6647,1994-06-01,1993-02-07,208320,48,15,26,no card,0,Hl.m. Praha (Prague),1204953,100.0,12541,0.43,167,82.2497,0.34606491,0
6650,1994-02-17,1993-09-03,49320,12,5,48,no card,0,Karlovy Vary (west Bohemia),122603,80.0,8991,2.01,128,43.0087,0.45712379,1
6655,1997-10-17,1996-04-08,260400,60,18,47,no card,0,Opava (north Moravia),182027,56.4,8746,3.74,90,24.3535,0.49622685,1
6659,1996-02-20,1995-01-11,56100,60,13,37,no card,0,Brno - mesto (south Moravia),387570,100.0,9897,1.96,140,48.239,0.09447307,0
6660,1997-05-09,1996-11-24,220428,36,5,34,no card,0,Bruntal (north Moravia),106054,63.1,8110,6.55,109,29.0324,0.75499383,0
6665,1997-08-15,1995-10-14,99300,60,22,24,no card,0,Kromeriz (south Moravia),108871,62.1,8444,3.47,106,21.1718,0.19599716,0
6667,1996-07-15,1994-10-13,155880,24,21,27,no card,0,Litomerice (north Bohemia),114006,62.3,9065,5.39,123,36.5419,0.716492,0
6668,1994-07-30,1993-06-26,74736,36,13,28,no card,0,Jicin (east Bohemia),77917,53.5,8390,2.89,132,27.2341,0.24743743,0
6675,1997-11-01,1996-06-16,238716,36,16,33,no card,0,Rychnov nad Kneznou (east Bohemia),78955,59.0,9060,2.44,124,21.7466,0.73189845,0
6676,1995-06-13,1995-02-08,29784,24,4,25,no card,0,Plzen - mesto (west Bohemia),170449,100.0,10787,3.09,131,36.7324,0.11504589,0
6677,1997-08-12,1995-11-28,97980,60,20,17,no card,0,Rokycany (west Bohemia),45714,55.6,8843,3.6,113,19.4251,0.18466584,0
6678,1994-05-20,1993-07-05,80340,12,10,18,no card,0,Praha - zapad (central Bohemia),75637,36.5,9622,0.59,154,46.6571,0.69580129,0
6682,1998-03-30,1996-12-07,36204,12,15,60,no card,0,Svitavy (east Bohemia),102609,52.0,8187,5.45,94,20.7974,0.36851105,1
6686,1994-08-25,1993-03-24,224604,36,17,18,no card,0,Tachov (west Bohemia),51313,59.2,8930,4.2,108,28.2969,0.69865622,0
6687,1993-09-13,1993-05-12,87840,24,4,13,no card,0,Rakovnik (central Bohemia),53921,41.3,8598,3.26,123,34.7731,0.42568039,0
6688,1997-09-26,1996-09-19,8616,24,12,21,no card,0,Kromeriz (south Moravia),108871,62.1,8444,3.47,106,21.1718,0.0425154,0
6694,1995-03-19,1994-06-04,134784,24,9,54,no card,0,Karvina (north Moravia),285387,89.9,10177,7.75,81,35.4186,0.55183256,0
6695,1997-06-04,1997-01-19,309660,60,4,38,no card,0,Trutnov (east Bohemia),121947,70.5,8541,2.97,131,31.4809,0.6042618,0
6696,1994-05-09,1993-04-12,89040,60,12,24,no card,0,Vsetin (north Moravia),148545,53.5,8909,5.56,113,24.1678,0.16657313,0
6698,1996-03-10,1995-08-08,247728,48,7,16,no card,0,Hl.m. Praha (Prague),1204953,100.0,12541,0.43,167,82.2497,0.41153018,0
6699,1994-03-30,1993-03-28,7656,24,12,31,no card,0,Rychnov nad Kneznou (east Bohemia),78955,59.0,9060,2.44,124,21.7466,0.03520971,0
6704,1995-06-01,1993-11-20,417060,60,18,33,no card,0,Rokycany (west Bohemia),45714,55.6,8843,3.6,113,19.4251,0.78604546,0
6705,1997-07-25,1996-09-17,333648,48,10,21,no card,0,Ceske Budejovice (south Bohemia),177686,74.8,10045,1.71,135,35.4277,0.69198606,1
6712,1995-10-14,1994-05-10,266220,60,17,30,no card,0,Strakonice (south Bohemia),70646,58.4,8547,3.64,120,21.8271,0.51912952,0
6715,1996-05-06,1994-12-02,220620,60,17,52,no card,0,Strakonice (south Bohemia),70646,58.4,8547,3.64,120,21.8271,0.43020943,0
6721,1994-01-21,1993-09-08,21072,24,4,29,no card,0,Kladno (central Bohemia),149893,67.4,9753,5.05,109,39.308,0.09002358,0
6725,1995-06-23,1993-09-18,265320,36,21,46,no card,0,Prachatice (south Bohemia),51428,52.7,8402,3.98,120,21.3697,0.8771721,0
6726,1995-09-03,1994-06-29,85860,60,14,39,no card,0,Benesov (central Bohemia),88884,46.7,8507,1.85,132,30.0842,0.16821441,0
6727,1997-12-10,1997-03-20,42840,12,8,60,no card,0,Karvina (north Moravia),285387,89.9,10177,7.75,81,35.4186,0.350791,0
6729,1994-08-11,1993-04-02,74688,12,16,49,no card,0,Cheb (west Bohemia),87419,85.5,8624,2.66,102,36.5824,0.72170686,0
6730,1998-02-15,1996-11-25,93036,12,14,17,no card,0,Brno - mesto (south Moravia),387570,100.0,9897,1.96,140,48.239,0.7833687,0
6732,1996-09-19,1995-10-10,174048,48,11,44,no card,0,Pardubice (east Bohemia),162580,72.8,9538,1.81,111,33.2759,0.38016356,0
6734,1996-05-30,1995-07-17,173016,36,10,51,no card,0,Ceske Budejovice (south Bohemia),177686,74.8,10045,1.71,135,35.4277,0.47844699,0
6736,1994-06-14,1994-02-27,288360,60,3,58,no card,0,Hl.m. Praha (Prague),1204953,100.0,12541,0.43,167,82.2497,0.38322303,0
6737,1995-03-11,1993-09-12,76680,24,17,46,no card,0,Frydek - Mistek (north Moravia),228848,57.2,9893,4.72,96,25.7245,0.32295563,0
6738,1994-09-29,1993-10-08,230220,36,11,51,no card,0,Ostrava - mesto (north Moravia),323870,100.0,10673,5.44,100,56.6493,0.59917549,1
6745,1995-04-10,1993-11-10,47304,24,17,23,no card,0,Zlin (south Moravia),197099,74.7,9624,2.31,145,21.6389,0.2048005,0
6746,1998-06-06,1997-08-22,185640,60,9,35,no card,0,Nachod (east Bohemia),112709,73.5,8369,2.31,117,23.228,0.36969769,0
6748,1998-12-08,1997-06-23,240900,60,17,49,no card,0,Prostejov (south Moravia),110643,51.9,8441,4.48,115,20.3538,0.47565454,0
6751,1996-07-14,1996-02-12,85716,36,5,58,no card,0,Pelhrimov (south Bohemia),74062,61.4,8114,2.62,119,15.9461,0.29344343,0
6753,1997-03-20,1996-11-22,67980,12,3,50,no card,0,Zdar nad Sazavou (south Moravia),125832,48.3,8512,4.12,102,16.7128,0.66553102,0
6755,1998-07-24,1997-05-18,170700,60,14,26,no card,0,Blansko (south Moravia),107911,50.9,8240,3.56,99,17.6349,0.34526699,0
6758,1997-07-29,1997-01-28,33144,12,6,17,no card,0,Karvina (north Moravia),285387,89.9,10177,7.75,81,35.4186,0.27139629,0
6763,1997-06-19,1996-05-16,88272,48,13,18,no card,0,Hl.m. Praha (Prague),1204953,100.0,12541,0.43,167,82.2497,0.14663902,0
6764,1995-08-26,1994-08-24,33984,48,12,23,no card,0,Zlin (south Moravia),197099,74.7,9624,2.31,145,21.6389,0.07356608,0
6766,1998-04-28,1996-10-16,74352,24,18,40,no card,0,Hl.m. Praha (Prague),1204953,100.0,12541,0.43,167,82.2497,0.24702974,0
6785,1995-12-25,1994-09-05,125340,60,15,51,no card,0,Hl.m. Praha (Prague),1204953,100.0,12541,0.43,167,82.2497,0.16657364,0
6790,1998-06-08,1997-07-03,76104,24,11,36,no card,0,Uherske Hradiste (south Moravia),145688,40.7,8544,1.86,109,19.9467,0.37113764,0
6791,1998-01-23,1997-03-21,566640,60,10,25,no card,0,Hl.m. Praha (Prague),1204953,100.0,12541,0.43,167,82.2497,0.75305,0
6793,1997-01-30,1996-01-01,186300,60,12,49,no card,0,Vyskov (south Moravia),86513,50.5,8288,4.52,110,16.8761,0.37463803,0
6805,1996-12-21,1996-05-21,45024,48,7,39,no card,0,Karvina (north Moravia),285387,89.9,10177,7.75,81,35.4186,0.09216862,0
6808,1994-10-12,1993-09-25,227880,36,12,38,no card,0,Zlin (south Moravia),197099,74.7,9624,2.31,145,21.6389,0.65773067,0
6810,1996-06-08,1994-09-02,186384,48,21,37,no card,0,Teplice (north Bohemia),128118,85.3,9317,7.07,97,53.6381,0.41676505,0
6816,1996-03-26,1995-11-22,100224,48,4,39,no card,0,Karvina (north Moravia),285387,89.9,10177,7.75,81,35.4186,0.20516852,1
6817,1996-10-04,1996-01-05,70656,48,8,44,no card,0,Hl.m. Praha (Prague),1204953,100.0,12541,0.43,167,82.2497,0.11737501,0
6818,1996-12-12,1995-01-21,155616,48,22,25,no card,0,Olomouc (north Moravia),226122,62.6,8994,4.79,110,40.7214,0.36046253,0
6819,1997-05-03,1997-01-15,50112,24,3,49,no card,0,Pardubice (east Bohemia),162580,72.8,9538,1.81,111,33.2759,0.21891382,0
6820,1993-12-16,1993-06-28,38148,12,5,28,no card,0,Hl.m. Praha (Prague),1204953,100.0,12541,0.43,167,82.2497,0.25348856,0
6821,1998-09-15,1996-10-22,321936,48,22,37,no card,0,Hl.m. Praha (Prague),1204953,100.0,12541,0.43,167,82.2497,0.53480584,0
6824,1997-02-26,1995-08-30,71976,24,17,31,no card,0,Hradec Kralove (east Bohemia),161854,76.3,9425,2.5,125,24.0402,0.31819629,1
6836,1994-08-03,1993-06-16,189300,60,13,40,no card,0,Pardubice (east Bohemia),162580,72.8,9538,1.81,111,33.2759,0.33078213,0
6841,1994-08-07,1994-01-21,172080,48,6,37,no card,0,Praha - vychod (central Bohemia),92084,46.7,10124,0.54,141,46.8702,0.35410905,0
6851,1997-06-03,1996-07-18,272220,60,10,50,no card,0,Plzen - mesto (west Bohemia),170449,100.0,10787,3.09,131,36.7324,0.42059887,1
6852,1998-11-10,1997-08-18,16032,48,14,32,no card,0,Ceska Lipa (north Bohemia),105058,81.0,9272,3.22,118,42.8811,0.03602243,0
6855,1998-03-01,1996-12-12,52236,36,14,59,no card,0,Nymburk (central Bohemia),81344,55.3,8899,3.97,149,30.5739,0.16305203,0
6856,1998-12-01,1997-09-14,163332,36,14,60,no card,0,Pisek (south Bohemia),70699,65.3,8968,3.35,131,27.0159,0.5059099,0
6857,1998-06-08,1996-08-02,69600,48,22,29,no card,0,Zlin (south Moravia),197099,74.7,9624,2.31,145,21.6389,0.150665,0
6859,1998-03-07,1997-04-02,272220,60,11,57,no card,0,Breclav (south Moravia),124605,46.0,8772,4.98,126,25.3441,0.51721386,0
6861,1998-02-28,1997-01-21,215040,60,13,37,no card,0,Plzen - sever (west Bohemia),72541,36.9,8594,2.01,112,21.0226,0.41703514,0
6863,1993-07-28,1993-02-08,127080,60,5,57,no card,0,Jicin (east Bohemia),77917,53.5,8390,2.89,132,27.2341,0.25244338,0
6865,1996-09-11,1996-05-15,29448,12,3,48,no card,0,Olomouc (north Moravia),226122,62.6,8994,4.79,110,40.7214,0.27284857,1
6866,1998-02-05,1996-10-28,122472,24,15,37,no card,0,Jesenik (north Moravia),42821,48.4,8173,7.01,124,31.7134,0.62437294,0
6868,1998-10-12,1997-05-24,82128,24,16,29,no card,0,Rokycany (west Bohemia),45714,55.6,8843,3.6,113,19.4251,0.38697275,0
6871,1997-04-13,1996-01-01,164256,48,15,24,no card,0,Praha - zapad (central Bohemia),75637,36.5,9622,0.59,154,46.6571,0.35564332,0
6872,1998-04-29,1997-11-04,191580,60,5,32,no card,0,Trutnov (east Bohemia),121947,70.5,8541,2.97,131,31.4809,0.37384381,0
6875,1997-03-13,1995-06-24,83280,48,20,55,no card,0,Litomerice (north Bohemia),114006,62.3,9065,5.39,123,36.5419,0.19139548,0
6876,1993-12-21,1993-08-18,86616,12,4,32,no card,0,Praha - zapad (central Bohemia),75637,36.5,9622,0.59,154,46.6571,0.75015589,0
6877,1997-06-19,1996-09-25,285240,60,8,45,no card,0,Ostrava - mesto (north Moravia),323870,100.0,10673,5.44,100,56.6493,0.44542303,0
6878,1997-01-24,1996-03-15,23184,12,10,17,no card,0,Hodonin (south Moravia),161954,48.0,8720,4.5,116,22.5434,0.22155963,0
6887,1997-05-08,1996-06-04,39576,12,11,32,no card,0,Frydek - Mistek (north Moravia),228848,57.2,9893,4.72,96,25.7245,0.33336703,0
6888,1994-07-11,1993-02-04,39576,12,17,14,no card,0,Hl.m. Praha (Prague),1204953,100.0,12541,0.43,167,82.2497,0.26297743,0
6895,1994-09-19,1993-01-24,41904,12,19,20,no card,0,Frydek - Mistek (north Moravia),228848,57.2,9893,4.72,96,25.7245,0.35297685,0
6903,1994-06-04,1993-09-13,52128,24,8,34,no card,0,Sokolov (west Bohemia),94812,81.8,9650,3.67,100,29.5743,0.22507772,0
6908,1997-06-08,1995-11-03,188616,24,19,58,no card,0,Kromeriz (south Moravia),108871,62.1,8444,3.47,106,21.1718,0.93072004,0
6913,1997-04-29,1995-09-17,99936,24,19,31,no card,0,Hl.m. Praha (Prague),1204953,100.0,12541,0.43,167,82.2497,0.33203094,0
6919,1994-08-05,1993-03-27,120888,36,16,50,no card,0,Hl.m. Praha (Prague),1204953,100.0,12541,0.43,167,82.2497,0.26776174,0
6921,1996-10-29,1996-03-06,86184,12,7,55,no card,0,Karvina (north Moravia),285387,89.9,10177,7.75,81,35.4186,0.70570895,0
6922,1997-08-26,1996-12-30,83628,36,7,19,no card,0,Brno - mesto (south Moravia),387570,100.0,9897,1.96,140,48.239,0.23471759,0
6923,1998-10-05,1997-08-14,44640,24,13,41,no card,0,Kromeriz (south Moravia),108871,62.1,8444,3.47,106,21.1718,0.22027475,0
6926,1998-02-07,1996-11-03,374760,60,15,46,no card,0,Opava (north Moravia),182027,56.4,8746,3.74,90,24.3535,0.71415504,0
6929,1995-05-08,1993-07-06,36396,12,22,23,no card,0,Hl.m. Praha (Prague),1204953,100.0,12541,0.43,167,82.2497,0.24184674,0
6932,1998-06-25,1996-08-08,225504,48,22,18,junior,1,Melnik (central Bohemia),94725,63.4,9920,2.87,130,51.1586,0.47358871,0
6933,1995-09-09,1995-04-02,188688,48,5,30,no card,0,Zlin (south Moravia),197099,74.7,9624,2.31,145,21.6389,0.40845802,0
6934,1997-02-09,1996-05-10,116832,12,8,48,no card,0,Tabor (south Bohemia),103347,67.0,9104,2.07,123,22.7776,1.06942004,0
6938,1997-03-10,1996-01-29,341280,60,13,47,classic,1,Nymburk (central Bohemia),81344,55.3,8899,3.97,149,30.5739,0.63917294,0
6940,1996-11-22,1996-06-09,228276,36,5,35,no card,0,Hl.m. Praha (Prague),1204953,100.0,12541,0.43,167,82.2497,0.50562156,0
6942,1997-07-16,1996-05-12,18324,12,14,46,no card,0,Kromeriz (south Moravia),108871,62.1,8444,3.47,106,21.1718,0.18083847,0
6944,1996-11-15,1996-06-07,46176,48,5,30,no card,0,Uherske Hradiste (south Moravia),145688,40.7,8544,1.86,109,19.9467,0.11259363,0
6948,1998-03-15,1997-07-13,157068,36,8,26,no card,0,Hl.m. Praha (Prague),1204953,100.0,12541,0.43,167,82.2497,0.34789889,0
6949,1995-12-12,1994-05-22,104712,24,18,25,no card,0,Tachov (west Bohemia),51313,59.2,8930,4.2,108,28.2969,0.48857783,0
6950,1995-04-11,1993-05-20,104712,24,22,50,no card,0,Ostrava - mesto (north Moravia),323870,100.0,10673,5.44,100,56.6493,0.40878853,0
6955,1995-11-22,1994-07-22,244368,48,16,25,no card,0,Znojmo (south Moravia),114200,43.7,8403,5.72,105,23.8004,0.60585505,0
6956,1997-11-09,1996-06-25,59448,24,16,39,no card,0,Praha - zapad (central Bohemia),75637,36.5,9622,0.59,154,46.6571,0.25743089,0
6959,1997-06-30,1996-01-08,59448,24,17,44,no card,0,Karvina (north Moravia),285387,89.9,10177,7.75,81,35.4186,0.24339196,1
6960,1995-01-11,1993-03-13,76416,24,21,57,no card,0,Hl.m. Praha (Prague),1204953,100.0,12541,0.43,167,82.2497,0.25388725,0
6961,1996-06-06,1996-01-23,176148,36,4,32,no card,0,Louny (north Bohemia),85852,59.8,8965,8.23,104,32.8705,0.54578918,0
6962,1998-04-02,1996-07-30,279072,48,20,29,no card,0,Hl.m. Praha (Prague),1204953,100.0,12541,0.43,167,82.2497,0.46359939,0
6965,1995-06-13,1993-11-14,139536,24,18,53,no card,0,Trebic (south Moravia),117897,53.8,8814,5.74,107,17.4644,0.6596324,0
6969,1998-09-12,1997-06-07,88200,36,15,53,no card,0,Sumperk (north Moravia),127369,51.2,8369,5.88,107,22.0383,0.29274704,0
6970,1997-06-17,1996-10-13,31620,60,8,57,no card,0,Mlada Boleslav (central Bohemia),112065,69.4,11277,1.44,127,44.501,0.04673229,0
6984,1997-08-15,1997-01-01,116040,60,7,57,no card,0,Brno - mesto (south Moravia),387570,100.0,9897,1.96,140,48.239,0.19541275,0
6985,1995-11-22,1994-12-01,113796,36,11,24,no card,0,Brno - mesto (south Moravia),387570,100.0,9897,1.96,140,48.239,0.31938971,0
6986,1995-02-11,1994-05-16,151728,48,8,18,no card,0,Ostrava - mesto (north Moravia),323870,100.0,10673,5.44,100,56.6493,0.2961679,1
6992,1996-07-27,1995-11-09,133968,48,8,53,classic,1,Usti nad Orlici (east Bohemia),139012,61.9,8363,3.49,108,20.135,0.33373191,0
6995,1996-09-26,1995-01-19,96168,12,20,24,no card,0,Zlin (south Moravia),197099,74.7,9624,2.31,145,21.6389,0.83270989,0
6996,1995-04-13,1993-05-20,126600,24,22,56,no card,0,Praha - zapad (central Bohemia),75637,36.5,9622,0.59,154,46.6571,0.54822282,0
6998,1994-05-21,1993-07-24,97632,12,9,25,no card,0,Strakonice (south Bohemia),70646,58.4,8547,3.64,120,21.8271,0.95191295,0
7001,1997-08-10,1996-07-08,300600,60,13,33,classic,1,Plzen - jih (west Bohemia),67298,43.8,8561,1.29,110,16.7464,0.58521201,0
7004,1995-03-15,1993-08-21,331560,60,18,14,no card,0,Pribram (central Bohemia),107870,58.0,8754,4.31,137,35.858,0.63125428,0
7008,1995-09-22,1995-03-04,36168,12,6,34,no card,0,Hl.m. Praha (Prague),1204953,100.0,12541,0.43,167,82.2497,0.24033171,0
7013,1996-08-02,1995-11-09,89340,60,8,24,no card,0,Prostejov (south Moravia),110643,51.9,8441,4.48,115,20.3538,0.1764009,0
7034,1996-07-11,1995-05-28,19044,36,13,22,no card,0,Karlovy Vary (west Bohemia),122603,80.0,8991,2.01,128,43.0087,0.05883661,0
7035,1998-07-29,1997-11-29,210744,36,8,19,no card,0,Zlin (south Moravia),197099,74.7,9624,2.31,145,21.6389,0.60827099,0
7036,1996-09-25,1995-06-15,194940,36,15,31,no card,0,Mlada Boleslav (central Bohemia),112065,69.4,11277,1.44,127,44.501,0.4801809,0
7037,1998-01-03,1997-05-07,218064,48,7,53,no card,0,Hl.m. Praha (Prague),1204953,100.0,12541,0.43,167,82.2497,0.36225181,0
7046,1997-03-28,1996-03-28,91632,12,12,53,no card,0,Pelhrimov (south Bohemia),74062,61.4,8114,2.62,119,15.9461,0.94108947,0
7049,1997-06-24,1996-10-13,233424,36,8,38,no card,0,Kladno (central Bohemia),149893,67.4,9753,5.05,109,39.308,0.66482108,0
7050,1997-09-23,1996-03-30,311232,48,17,51,no card,0,Sumperk (north Moravia),127369,51.2,8369,5.88,107,22.0383,0.77476401,0
7051,1997-07-28,1997-04-02,77808,12,3,41,no card,0,Hl.m. Praha (Prague),1204953,100.0,12541,0.43,167,82.2497,0.51702416,0
7055,1994-04-06,1993-05-06,167100,60,11,24,no card,0,Uherske Hradiste (south Moravia),145688,40.7,8544,1.86,109,19.9467,0.32595974,0
7057,1995-10-20,1994-07-01,231696,36,15,22,no card,0,Hl.m. Praha (Prague),1204953,100.0,12541,0.43,167,82.2497,0.51319671,0
7061,1994-08-27,1993-04-28,121896,24,15,29,no card,0,Brno - venkov (south Moravia),157042,33.9,8743,2.43,111,24.7959,0.58092188,0
7066,1994-05-02,1993-11-27,215388,36,5,34,no card,0,Hl.m. Praha (Prague),1204953,100.0,12541,0.43,167,82.2497,0.47707519,1
7067,1998-01-11,1997-04-26,136368,24,8,28,no card,0,Domazlice (west Bohemia),58400,52.4,8620,1.25,100,19.1267,0.65916473,0
7072,1998-01-27,1997-01-13,22104,12,12,32,no card,0,Chomutov (north Bohemia),125236,87.7,9675,7.68,100,41.4418,0.1903876,0
7085,1997-06-19,1996-07-08,305424,48,11,33,no card,0,Karvina (north Moravia),285387,89.9,10177,7.75,81,35.4186,0.62523337,0
7087,1997-02-20,1996-04-12,44304,24,10,30,no card,0,Louny (north Bohemia),85852,59.8,8965,8.23,104,32.8705,0.20591188,0
7088,1997-05-03,1996-02-21,239160,60,14,50,no card,0,Plzen - jih (west Bohemia),67298,43.8,8561,1.29,110,16.7464,0.46559981,0
7091,1998-09-22,1997-09-03,113436,36,12,42,no card,0,Chrudim (east Bohemia),105606,53.0,8254,3.76,97,22.0158,0.3817543,0
7096,1998-09-02,1997-05-01,37812,12,16,33,no card,0,Plzen - jih (west Bohemia),67298,43.8,8561,1.29,110,16.7464,0.36806448,0
7097,1993-12-23,1993-06-10,75624,24,6,35,no card,0,Brno - mesto (south Moravia),387570,100.0,9897,1.96,140,48.239,0.31837931,1
7100,1997-12-31,1996-12-01,348120,60,12,35,no card,0,Jesenik (north Moravia),42821,48.4,8173,7.01,124,31.7134,0.70989845,0
7101,1996-11-18,1996-01-19,421008,48,9,43,no card,0,Ceske Budejovice (south Bohemia),177686,74.8,10045,1.71,135,35.4277,0.87317073,0
7104,1993-12-13,1993-07-11,259740,60,5,14,no card,0,Frydek - Mistek (north Moravia),228848,57.2,9893,4.72,96,25.7245,0.43758213,0
7110,1998-01-21,1996-04-07,31260,12,21,29,no card,0,Liberec (north Bohemia),159617,85.2,9198,4.28,131,38.417,0.28321374,0
7115,1997-03-04,1995-05-04,88704,48,22,36,no card,0,Cheb (west Bohemia),87419,85.5,8624,2.66,102,36.5824,0.21428571,0
7119,1997-06-02,1996-06-21,86880,12,11,57,classic,1,Tabor (south Bohemia),103347,67.0,9104,2.07,123,22.7776,0.79525483,0
7121,1993-11-10,1993-01-17,21924,36,9,33,no card,0,Brno - venkov (south Moravia),157042,33.9,8743,2.43,111,24.7959,0.06965572,0
7122,1997-01-04,1995-09-02,260640,36,16,47,no card,0,Domazlice (west Bohemia),58400,52.4,8620,1.25,100,19.1267,0.83990719,1
7129,1998-03-01,1996-12-30,194280,60,14,28,no card,0,Hl.m. Praha (Prague),1204953,100.0,12541,0.43,167,82.2497,0.25819313,0
7130,1996-12-11,1995-11-23,123408,24,12,32,gold,1,Most (north Bohemia),119895,89.9,10446,9.4,90,39.5596,0.49224584,0
7136,1996-09-28,1996-03-21,54396,36,6,57,no card,0,Prostejov (south Moravia),110643,51.9,8441,4.48,115,20.3538,0.17900723,0
7137,1994-06-03,1993-11-21,151560,24,6,41,no card,0,Zdar nad Sazavou (south Moravia),125832,48.3,8512,4.12,102,16.7128,0.7418938,0
7138,1995-07-03,1993-09-13,60000,60,21,48,no card,0,Olomouc (north Moravia),226122,62.6,8994,4.79,110,40.7214,0.11118523,0
7139,1998-01-22,1996-05-29,23412,12,19,42,classic,1,Olomouc (north Moravia),226122,62.6,8994,4.79,110,40.7214,0.21692239,0
7142,1994-12-19,1993-08-29,482940,60,15,18,no card,0,Hl.m. Praha (Prague),1204953,100.0,12541,0.43,167,82.2497,0.64181485,1
7147,1998-01-02,1996-02-24,267600,48,22,39,no card,0,Karvina (north Moravia),285387,89.9,10177,7.75,81,35.4186,0.54780387,0
7151,1998-02-18,1997-01-09,133800,24,13,56,no card,0,Pribram (central Bohemia),107870,58.0,8754,4.31,137,35.858,0.63685172,0
7154,1996-12-05,1995-10-24,417600,60,13,26,gold,1,Brno - venkov (south Moravia),157042,33.9,8743,2.43,111,24.7959,0.79606542,0
7164,1998-08-15,1997-11-04,249792,48,9,33,no card,0,Brno - venkov (south Moravia),157042,33.9,8743,2.43,111,24.7959,0.59521903,0
7166,1995-06-24,1995-01-15,198240,24,5,39,no card,0,Usti nad Labem (north Bohemia),118650,85.6,9832,4.48,114,46.1104,0.84011391,0
7167,1998-06-18,1997-07-12,269964,36,11,19,junior,1,Jindrichuv Hradec (south Bohemia),93931,56.9,8427,1.54,107,20.366,0.88987777,0
7168,1998-07-05,1996-12-21,208332,36,18,18,no card,0,Benesov (central Bohemia),88884,46.7,8507,1.85,132,30.0842,0.68026331,0
7171,1998-02-24,1997-09-09,196224,48,5,47,no card,0,Sumperk (north Moravia),127369,51.2,8369,5.88,107,22.0383,0.48846935,0
7172,1998-05-07,1997-03-18,45720,12,13,19,no card,0,Hl.m. Praha (Prague),1204953,100.0,12541,0.43,167,82.2497,0.30380352,0
7176,1995-10-28,1993-12-08,260028,36,22,18,no card,0,Praha - zapad (central Bohemia),75637,36.5,9622,0.59,154,46.6571,0.75067554,0
7181,1997-10-02,1997-05-30,197808,24,4,34,no card,0,Hl.m. Praha (Prague),1204953,100.0,12541,0.43,167,82.2497,0.65720437,0
7187,1997-12-24,1996-07-08,24180,60,17,59,no card,0,Liberec (north Bohemia),159617,85.2,9198,4.28,131,38.417,0.04381387,0
7189,1996-03-21,1994-12-23,154656,48,14,39,no card,0,Novy Jicin (north Moravia),161227,69.7,8678,5.57,102,28.5002,0.37128371,0
7192,1994-12-21,1993-04-17,115992,36,20,57,no card,0,Jicin (east Bohemia),77917,53.5,8390,2.89,132,27.2341,0.38402861,0
7194,1996-09-17,1995-10-23,68832,36,10,37,no card,0,Hl.m. Praha (Prague),1204953,100.0,12541,0.43,167,82.2497,0.15245993,0
7195,1998-04-23,1997-07-05,339168,48,9,56,no card,0,Nachod (east Bohemia),112709,73.5,8369,2.31,117,23.228,0.84430637,0
7198,1994-08-23,1993-11-22,45768,12,9,17,no card,0,Bruntal (north Moravia),106054,63.1,8110,6.55,109,29.0324,0.4702836,0
7199,1997-12-09,1996-09-18,45768,12,14,53,no card,0,Prerov (north Moravia),138032,64.6,8819,5.66,99,32.6374,0.43247534,0
7200,1998-07-11,1997-08-19,31140,60,10,21,no card,0,Sumperk (north Moravia),127369,51.2,8369,5.88,107,22.0383,0.06201458,0
7201,1997-03-07,1996-03-13,67464,12,11,61,no card,0,Chomutov (north Bohemia),125236,87.7,9675,7.68,100,41.4418,0.58108527,0
7202,1998-05-29,1997-04-08,140688,48,13,56,no card,0,Jindrichuv Hradec (south Bohemia),93931,56.9,8427,1.54,107,20.366,0.34781061,0
7209,1997-11-30,1996-10-02,385560,60,13,41,no card,0,Svitavy (east Bohemia),102609,52.0,8187,5.45,94,20.7974,0.78490289,1
7213,1996-02-13,1995-02-20,113544,36,11,53,no card,0,Znojmo (south Moravia),114200,43.7,8403,5.72,105,23.8004,0.37534214,0
7219,1997-08-23,1996-11-21,57120,48,9,39,no card,0,Ceska Lipa (north Bohemia),105058,81.0,9272,3.22,118,42.8811,0.1283434,0
7220,1994-07-28,1993-05-29,131292,36,13,40,no card,0,Hl.m. Praha (Prague),1204953,100.0,12541,0.43,167,82.2497,0.29080616,0
7221,1998-06-11,1997-02-15,152460,60,15,46,no card,0,Klatovy (west Bohemia),88757,61.7,8554,2.68,113,24.9896,0.29705401,0
7226,1994-02-23,1993-09-13,197748,36,5,23,no card,0,Svitavy (east Bohemia),102609,52.0,8187,5.45,94,20.7974,0.67094174,0
7227,1995-10-02,1994-06-05,314520,60,15,39,no card,0,Chrudim (east Bohemia),105606,53.0,8254,3.76,97,22.0158,0.63508602,0
7230,1997-04-02,1996-07-29,18720,60,8,36,no card,0,Klatovy (west Bohemia),88757,61.7,8554,2.68,113,24.9896,0.03647416,0
7233,1996-12-25,1995-05-20,115812,36,19,43,no card,0,Jindrichuv Hradec (south Bohemia),93931,56.9,8427,1.54,107,20.366,0.38174914,0
7235,1993-10-13,1993-04-20,154416,48,5,24,no card,0,Pisek (south Bohemia),70699,65.3,8968,3.35,131,27.0159,0.35871989,0
7240,1993-09-06,1993-02-14,274740,60,6,14,no card,0,Hl.m. Praha (Prague),1204953,100.0,12541,0.43,167,82.2497,0.3651224,0
7241,1995-03-04,1993-08-10,168984,24,18,18,no card,0,Hl.m. Praha (Prague),1204953,100.0,12541,0.43,167,82.2497,0.56143848,1
7242,1997-10-23,1996-07-26,48096,24,14,39,no card,0,Ceska Lipa (north Bohemia),105058,81.0,9272,3.22,118,42.8811,0.2161346,0
7243,1995-12-04,1995-01-29,217152,36,10,21,classic,1,Olomouc (north Moravia),226122,62.6,8994,4.79,110,40.7214,0.67066934,0
7246,1996-08-20,1996-02-01,148920,60,6,19,no card,0,Kromeriz (south Moravia),108871,62.1,8444,3.47,106,21.1718,0.29393652,0
7249,1994-06-12,1993-03-19,69360,48,14,52,no card,0,Praha - zapad (central Bohemia),75637,36.5,9622,0.59,154,46.6571,0.15017668,0
7250,1997-03-04,1995-06-02,119136,48,21,33,no card,0,Litomerice (north Bohemia),114006,62.3,9065,5.39,123,36.5419,0.27380033,0
7253,1997-04-26,1995-11-10,98304,12,17,26,no card,0,Jindrichuv Hradec (south Bohemia),93931,56.9,8427,1.54,107,20.366,0.97211344,0
7255,1997-06-09,1996-12-10,213300,60,5,42,no card,0,Plzen - sever (west Bohemia),72541,36.9,8594,2.01,112,21.0226,0.41366069,0
7259,1994-01-31,1993-05-20,108144,36,8,30,no card,0,Hl.m. Praha (Prague),1204953,100.0,12541,0.43,167,82.2497,0.23953433,0
7262,1994-03-01,1993-10-10,182628,36,4,34,no card,0,Prerov (north Moravia),138032,64.6,8819,5.66,99,32.6374,0.57523529,0
7263,1996-01-19,1995-08-18,89880,24,5,32,no card,0,Karvina (north Moravia),285387,89.9,10177,7.75,81,35.4186,0.36798664,0
7264,1997-10-07,1997-02-11,44940,12,7,21,no card,0,Hl.m. Praha (Prague),1204953,100.0,12541,0.43,167,82.2497,0.29862052,0
7271,1996-10-02,1994-11-24,392460,60,22,15,no card,0,Pribram (central Bohemia),107870,58.0,8754,4.31,137,35.858,0.74720128,0
7277,1997-10-24,1997-02-05,89280,12,8,49,no card,0,Hl.m. Praha (Prague),1204953,100.0,12541,0.43,167,82.2497,0.59325413,0
7279,1997-12-11,1997-01-12,155760,24,10,49,no card,0,Decin (north Bohemia),133777,84.7,8705,7.61,116,36.3216,0.74554854,0
7284,1993-09-15,1993-01-14,52788,12,8,20,no card,0,Cesky Krumlov (south Bohemia),58796,51.9,9045,3.6,124,31.958,0.48634605,0
7286,1997-01-31,1995-09-20,67320,36,16,25,no card,0,Kolin (central Bohemia),95616,51.4,9307,4.43,118,31.7938,0.20092404,0
7292,1998-11-22,1997-07-11,317460,60,16,23,no card,0,Svitavy (east Bohemia),102609,52.0,8187,5.45,94,20.7974,0.64626847,0
7294,1998-09-27,1997-10-15,39168,24,11,19,no card,0,Melnik (central Bohemia),94725,63.4,9920,2.87,130,51.1586,0.16451613,0
7295,1998-07-18,1996-11-05,280440,60,20,45,no card,0,Brno - mesto (south Moravia),387570,100.0,9897,1.96,140,48.239,0.47226432,0
7304,1995-10-29,1995-05-26,419880,60,5,49,no card,0,Hl.m. Praha (Prague),1204953,100.0,12541,0.43,167,82.2497,0.55800973,0
7305,1996-08-06,1994-10-01,54024,12,22,28,classic,1,Trebic (south Moravia),117897,53.8,8814,5.74,107,17.4644,0.51077831,0
7308,1996-12-27,1995-10-14,129408,24,14,34,no card,0,Bruntal (north Moravia),106054,63.1,8110,6.55,109,29.0324,0.6648582,0
